id,R_grid,z_grid,phi_grid,N_count
0,0.5,-1.25,-2.6179938,42.0
1,1.5,-1.25,-2.6179938,103.0
2,2.5,-1.25,-2.6179938,84.0
3,3.5,-1.25,-2.6179938,61.0
4,4.5,-1.25,-2.6179938,31.0
5,5.5,-1.25,-2.6179938,18.0
6,6.5,-1.25,-2.6179938,7.0
7,7.5,-1.25,-2.6179938,7.0
8,8.5,-1.25,-2.6179938,0.0
9,9.5,-1.25,-2.6179938,0.0
10,0.5,-0.75,-2.6179938,689.0
11,1.5,-0.75,-2.6179938,1570.0
12,2.5,-0.75,-2.6179938,1760.0
13,3.5,-0.75,-2.6179938,1518.0
14,4.5,-0.75,-2.6179938,1146.0
15,5.5,-0.75,-2.6179938,824.0
16,6.5,-0.75,-2.6179938,565.0
17,7.5,-0.75,-2.6179938,355.0
18,8.5,-0.75,-2.6179938,200.0
19,9.5,-0.75,-2.6179938,113.0
20,0.5,-0.24999997,-2.6179938,3802.0
21,1.5,-0.24999997,-2.6179938,8369.0
22,2.5,-0.24999997,-2.6179938,10187.0
23,3.5,-0.24999997,-2.6179938,9920.0
24,4.5,-0.24999997,-2.6179938,8927.0
25,5.5,-0.24999997,-2.6179938,7549.0
26,6.5,-0.24999997,-2.6179938,6132.0
27,7.5,-0.24999997,-2.6179938,4931.0
28,8.5,-0.24999997,-2.6179938,3764.0
29,9.5,-0.24999997,-2.6179938,2854.0
30,0.5,0.25,-2.6179938,3875.0
31,1.5,0.25,-2.6179938,8338.0
32,2.5,0.25,-2.6179938,10112.0
33,3.5,0.25,-2.6179938,9990.0
34,4.5,0.25,-2.6179938,9060.0
35,5.5,0.25,-2.6179938,7586.0
36,6.5,0.25,-2.6179938,6223.0
37,7.5,0.25,-2.6179938,4969.0
38,8.5,0.25,-2.6179938,3711.0
39,9.5,0.25,-2.6179938,2850.0
40,0.5,0.75,-2.6179938,696.0
41,1.5,0.75,-2.6179938,1618.0
42,2.5,0.75,-2.6179938,1703.0
43,3.5,0.75,-2.6179938,1578.0
44,4.5,0.75,-2.6179938,1192.0
45,5.5,0.75,-2.6179938,800.0
46,6.5,0.75,-2.6179938,560.0
47,7.5,0.75,-2.6179938,325.0
48,8.5,0.75,-2.6179938,202.0
49,9.5,0.75,-2.6179938,123.0
50,0.5,1.25,-2.6179938,41.0
51,1.5,1.25,-2.6179938,98.0
52,2.5,1.25,-2.6179938,97.0
53,3.5,1.25,-2.6179938,60.0
54,4.5,1.25,-2.6179938,41.0
55,5.5,1.25,-2.6179938,20.0
56,6.5,1.25,-2.6179938,8.0
57,7.5,1.25,-2.6179938,1.0
58,8.5,1.25,-2.6179938,2.0
59,9.5,1.25,-2.6179938,0.0
60,0.5,-1.25,-1.5707963,34.0
61,1.5,-1.25,-1.5707963,116.0
62,2.5,-1.25,-1.5707963,103.0
63,3.5,-1.25,-1.5707963,66.0
64,4.5,-1.25,-1.5707963,41.0
65,5.5,-1.25,-1.5707963,24.0
66,6.5,-1.25,-1.5707963,13.0
67,7.5,-1.25,-1.5707963,4.0
68,8.5,-1.25,-1.5707963,2.0
69,9.5,-1.25,-1.5707963,0.0
70,0.5,-0.75,-1.5707963,705.0
71,1.5,-0.75,-1.5707963,1592.0
72,2.5,-0.75,-1.5707963,1720.0
73,3.5,-0.75,-1.5707963,1504.0
74,4.5,-0.75,-1.5707963,1136.0
75,5.5,-0.75,-1.5707963,813.0
76,6.5,-0.75,-1.5707963,503.0
77,7.5,-0.75,-1.5707963,342.0
78,8.5,-0.75,-1.5707963,179.0
79,9.5,-0.75,-1.5707963,101.0
80,0.5,-0.24999997,-1.5707963,3805.0
81,1.5,-0.24999997,-1.5707963,8473.0
82,2.5,-0.24999997,-1.5707963,10092.0
83,3.5,-0.24999997,-1.5707963,9926.0
84,4.5,-0.24999997,-1.5707963,8959.0
85,5.5,-0.24999997,-1.5707963,7551.0
86,6.5,-0.24999997,-1.5707963,6134.0
87,7.5,-0.24999997,-1.5707963,4796.0
88,8.5,-0.24999997,-1.5707963,3859.0
89,9.5,-0.24999997,-1.5707963,2847.0
90,0.5,0.25,-1.5707963,3853.0
91,1.5,0.25,-1.5707963,8195.0
92,2.5,0.25,-1.5707963,10197.0
93,3.5,0.25,-1.5707963,9905.0
94,4.5,0.25,-1.5707963,8943.0
95,5.5,0.25,-1.5707963,7579.0
96,6.5,0.25,-1.5707963,6279.0
97,7.5,0.25,-1.5707963,4896.0
98,8.5,0.25,-1.5707963,3718.0
99,9.5,0.25,-1.5707963,2845.0
100,0.5,0.75,-1.5707963,684.0
101,1.5,0.75,-1.5707963,1545.0
102,2.5,0.75,-1.5707963,1725.0
103,3.5,0.75,-1.5707963,1470.0
104,4.5,0.75,-1.5707963,1162.0
105,5.5,0.75,-1.5707963,828.0
106,6.5,0.75,-1.5707963,569.0
107,7.5,0.75,-1.5707963,351.0
108,8.5,0.75,-1.5707963,221.0
109,9.5,0.75,-1.5707963,95.0
110,0.5,1.25,-1.5707963,38.0
111,1.5,1.25,-1.5707963,103.0
112,2.5,1.25,-1.5707963,108.0
113,3.5,1.25,-1.5707963,53.0
114,4.5,1.25,-1.5707963,41.0
115,5.5,1.25,-1.5707963,21.0
116,6.5,1.25,-1.5707963,7.0
117,7.5,1.25,-1.5707963,3.0
118,8.5,1.25,-1.5707963,0.0
119,9.5,1.25,-1.5707963,0.0
120,0.5,-1.25,-0.52359873,43.0
121,1.5,-1.25,-0.52359873,80.0
122,2.5,-1.25,-0.52359873,83.0
123,3.5,-1.25,-0.52359873,62.0
124,4.5,-1.25,-0.52359873,36.0
125,5.5,-1.25,-0.52359873,19.0
126,6.5,-1.25,-0.52359873,10.0
127,7.5,-1.25,-0.52359873,2.0
128,8.5,-1.25,-0.52359873,1.0
129,9.5,-1.25,-0.52359873,2.0
130,0.5,-0.75,-0.52359873,667.0
131,1.5,-0.75,-0.52359873,1543.0
132,2.5,-0.75,-0.52359873,1782.0
133,3.5,-0.75,-0.52359873,1516.0
134,4.5,-0.75,-0.52359873,1189.0
135,5.5,-0.75,-0.52359873,815.0
136,6.5,-0.75,-0.52359873,537.0
137,7.5,-0.75,-0.52359873,345.0
138,8.5,-0.75,-0.52359873,187.0
139,9.5,-0.75,-0.52359873,123.0
140,0.5,-0.24999997,-0.52359873,3794.0
141,1.5,-0.24999997,-0.52359873,8347.0
142,2.5,-0.24999997,-0.52359873,9927.0
143,3.5,-0.24999997,-0.52359873,9946.0
144,4.5,-0.24999997,-0.52359873,8897.0
145,5.5,-0.24999997,-0.52359873,7415.0
146,6.5,-0.24999997,-0.52359873,6196.0
147,7.5,-0.24999997,-0.52359873,4857.0
148,8.5,-0.24999997,-0.52359873,3750.0
149,9.5,-0.24999997,-0.52359873,2811.0
150,0.5,0.25,-0.52359873,3822.0
151,1.5,0.25,-0.52359873,8362.0
152,2.5,0.25,-0.52359873,10048.0
153,3.5,0.25,-0.52359873,10040.0
154,4.5,0.25,-0.52359873,9065.0
155,5.5,0.25,-0.52359873,7611.0
156,6.5,0.25,-0.52359873,6133.0
157,7.5,0.25,-0.52359873,4834.0
158,8.5,0.25,-0.52359873,3746.0
159,9.5,0.25,-0.52359873,2784.0
160,0.5,0.75,-0.52359873,701.0
161,1.5,0.75,-0.52359873,1533.0
162,2.5,0.75,-0.52359873,1737.0
163,3.5,0.75,-0.52359873,1513.0
164,4.5,0.75,-0.52359873,1146.0
165,5.5,0.75,-0.52359873,821.0
166,6.5,0.75,-0.52359873,515.0
167,7.5,0.75,-0.52359873,343.0
168,8.5,0.75,-0.52359873,175.0
169,9.5,0.75,-0.52359873,107.0
170,0.5,1.25,-0.52359873,33.0
171,1.5,1.25,-0.52359873,81.0
172,2.5,1.25,-0.52359873,91.0
173,3.5,1.25,-0.52359873,66.0
174,4.5,1.25,-0.52359873,36.0
175,5.5,1.25,-0.52359873,21.0
176,6.5,1.25,-0.52359873,13.0
177,7.5,1.25,-0.52359873,0.0
178,8.5,1.25,-0.52359873,3.0
179,9.5,1.25,-0.52359873,1.0
180,0.5,-1.25,0.52359885,38.0
181,1.5,-1.25,0.52359885,110.0
182,2.5,-1.25,0.52359885,93.0
183,3.5,-1.25,0.52359885,74.0
184,4.5,-1.25,0.52359885,35.0
185,5.5,-1.25,0.52359885,18.0
186,6.5,-1.25,0.52359885,7.0
187,7.5,-1.25,0.52359885,3.0
188,8.5,-1.25,0.52359885,0.0
189,9.5,-1.25,0.52359885,1.0
190,0.5,-0.75,0.52359885,676.0
191,1.5,-0.75,0.52359885,1623.0
192,2.5,-0.75,0.52359885,1653.0
193,3.5,-0.75,0.52359885,1505.0
194,4.5,-0.75,0.52359885,1172.0
195,5.5,-0.75,0.52359885,814.0
196,6.5,-0.75,0.52359885,569.0
197,7.5,-0.75,0.52359885,327.0
198,8.5,-0.75,0.52359885,208.0
199,9.5,-0.75,0.52359885,106.0
200,0.5,-0.24999997,0.52359885,3838.0
201,1.5,-0.24999997,0.52359885,8410.0
202,2.5,-0.24999997,0.52359885,10184.0
203,3.5,-0.24999997,0.52359885,10126.0
204,4.5,-0.24999997,0.52359885,8957.0
205,5.5,-0.24999997,0.52359885,7720.0
206,6.5,-0.24999997,0.52359885,6053.0
207,7.5,-0.24999997,0.52359885,4911.0
208,8.5,-0.24999997,0.52359885,3674.0
209,9.5,-0.24999997,0.52359885,2871.0
210,0.5,0.25,0.52359885,3865.0
211,1.5,0.25,0.52359885,8404.0
212,2.5,0.25,0.52359885,10105.0
213,3.5,0.25,0.52359885,10035.0
214,4.5,0.25,0.52359885,8946.0
215,5.5,0.25,0.52359885,7466.0
216,6.5,0.25,0.52359885,6184.0
217,7.5,0.25,0.52359885,4925.0
218,8.5,0.25,0.52359885,3734.0
219,9.5,0.25,0.52359885,2828.0
220,0.5,0.75,0.52359885,686.0
221,1.5,0.75,0.52359885,1588.0
222,2.5,0.75,0.52359885,1739.0
223,3.5,0.75,0.52359885,1465.0
224,4.5,0.75,0.52359885,1096.0
225,5.5,0.75,0.52359885,792.0
226,6.5,0.75,0.52359885,552.0
227,7.5,0.75,0.52359885,349.0
228,8.5,0.75,0.52359885,199.0
229,9.5,0.75,0.52359885,108.0
230,0.5,1.25,0.52359885,46.0
231,1.5,1.25,0.52359885,88.0
232,2.5,1.25,0.52359885,88.0
233,3.5,1.25,0.52359885,75.0
234,4.5,1.25,0.52359885,37.0
235,5.5,1.25,0.52359885,27.0
236,6.5,1.25,0.52359885,9.0
237,7.5,1.25,0.52359885,1.0
238,8.5,1.25,0.52359885,2.0
239,9.5,1.25,0.52359885,0.0
240,0.5,-1.25,1.5707965,46.0
241,1.5,-1.25,1.5707965,94.0
242,2.5,-1.25,1.5707965,100.0
243,3.5,-1.25,1.5707965,64.0
244,4.5,-1.25,1.5707965,38.0
245,5.5,-1.25,1.5707965,29.0
246,6.5,-1.25,1.5707965,5.0
247,7.5,-1.25,1.5707965,4.0
248,8.5,-1.25,1.5707965,2.0
249,9.5,-1.25,1.5707965,1.0
250,0.5,-0.75,1.5707965,707.0
251,1.5,-0.75,1.5707965,1583.0
252,2.5,-0.75,1.5707965,1753.0
253,3.5,-0.75,1.5707965,1568.0
254,4.5,-0.75,1.5707965,1132.0
255,5.5,-0.75,1.5707965,805.0
256,6.5,-0.75,1.5707965,542.0
257,7.5,-0.75,1.5707965,344.0
258,8.5,-0.75,1.5707965,206.0
259,9.5,-0.75,1.5707965,119.0
260,0.5,-0.24999997,1.5707965,3787.0
261,1.5,-0.24999997,1.5707965,8381.0
262,2.5,-0.24999997,1.5707965,10133.0
263,3.5,-0.24999997,1.5707965,9998.0
264,4.5,-0.24999997,1.5707965,9172.0
265,5.5,-0.24999997,1.5707965,7636.0
266,6.5,-0.24999997,1.5707965,6143.0
267,7.5,-0.24999997,1.5707965,4939.0
268,8.5,-0.24999997,1.5707965,3719.0
269,9.5,-0.24999997,1.5707965,2858.0
270,0.5,0.25,1.5707965,3769.0
271,1.5,0.25,1.5707965,8511.0
272,2.5,0.25,1.5707965,9952.0
273,3.5,0.25,1.5707965,9959.0
274,4.5,0.25,1.5707965,8983.0
275,5.5,0.25,1.5707965,7692.0
276,6.5,0.25,1.5707965,6077.0
277,7.5,0.25,1.5707965,4744.0
278,8.5,0.25,1.5707965,3781.0
279,9.5,0.25,1.5707965,2811.0
280,0.5,0.75,1.5707965,691.0
281,1.5,0.75,1.5707965,1574.0
282,2.5,0.75,1.5707965,1756.0
283,3.5,0.75,1.5707965,1456.0
284,4.5,0.75,1.5707965,1155.0
285,5.5,0.75,1.5707965,794.0
286,6.5,0.75,1.5707965,537.0
287,7.5,0.75,1.5707965,338.0
288,8.5,0.75,1.5707965,222.0
289,9.5,0.75,1.5707965,116.0
290,0.5,1.25,1.5707965,42.0
291,1.5,1.25,1.5707965,102.0
292,2.5,1.25,1.5707965,87.0
293,3.5,1.25,1.5707965,73.0
294,4.5,1.25,1.5707965,35.0
295,5.5,1.25,1.5707965,17.0
296,6.5,1.25,1.5707965,14.0
297,7.5,1.25,1.5707965,6.0
298,8.5,1.25,1.5707965,0.0
299,9.5,1.25,1.5707965,0.0
300,0.5,-1.25,2.6179938,38.0
301,1.5,-1.25,2.6179938,92.0
302,2.5,-1.25,2.6179938,91.0
303,3.5,-1.25,2.6179938,70.0
304,4.5,-1.25,2.6179938,36.0
305,5.5,-1.25,2.6179938,17.0
306,6.5,-1.25,2.6179938,9.0
307,7.5,-1.25,2.6179938,1.0
308,8.5,-1.25,2.6179938,3.0
309,9.5,-1.25,2.6179938,0.0
310,0.5,-0.75,2.6179938,699.0
311,1.5,-0.75,2.6179938,1536.0
312,2.5,-0.75,2.6179938,1678.0
313,3.5,-0.75,2.6179938,1478.0
314,4.5,-0.75,2.6179938,1173.0
315,5.5,-0.75,2.6179938,812.0
316,6.5,-0.75,2.6179938,535.0
317,7.5,-0.75,2.6179938,361.0
318,8.5,-0.75,2.6179938,223.0
319,9.5,-0.75,2.6179938,118.0
320,0.5,-0.24999997,2.6179938,3842.0
321,1.5,-0.24999997,2.6179938,8413.0
322,2.5,-0.24999997,2.6179938,10065.0
323,3.5,-0.24999997,2.6179938,9889.0
324,4.5,-0.24999997,2.6179938,9103.0
325,5.5,-0.24999997,2.6179938,7603.0
326,6.5,-0.24999997,2.6179938,6191.0
327,7.5,-0.24999997,2.6179938,4853.0
328,8.5,-0.24999997,2.6179938,3764.0
329,9.5,-0.24999997,2.6179938,2873.0
330,0.5,0.25,2.6179938,3810.0
331,1.5,0.25,2.6179938,8424.0
332,2.5,0.25,2.6179938,10188.0
333,3.5,0.25,2.6179938,9967.0
334,4.5,0.25,2.6179938,8982.0
335,5.5,0.25,2.6179938,7649.0
336,6.5,0.25,2.6179938,6042.0
337,7.5,0.25,2.6179938,4825.0
338,8.5,0.25,2.6179938,3782.0
339,9.5,0.25,2.6179938,2891.0
340,0.5,0.75,2.6179938,645.0
341,1.5,0.75,2.6179938,1570.0
342,2.5,0.75,2.6179938,1705.0
343,3.5,0.75,2.6179938,1499.0
344,4.5,0.75,2.6179938,1152.0
345,5.5,0.75,2.6179938,853.0
346,6.5,0.75,2.6179938,510.0
347,7.5,0.75,2.6179938,339.0
348,8.5,0.75,2.6179938,208.0
349,9.5,0.75,2.6179938,117.0
350,0.5,1.25,2.6179938,37.0
351,1.5,1.25,2.6179938,81.0
352,2.5,1.25,2.6179938,94.0
353,3.5,1.25,2.6179938,59.0
354,4.5,1.25,2.6179938,38.0
355,5.5,1.25,2.6179938,14.0
356,6.5,1.25,2.6179938,4.0
357,7.5,1.25,2.6179938,5.0
358,8.5,1.25,2.6179938,1.0
359,9.5,1.25,2.6179938,1.0
