log_light_to_mass_ratio,log_Omega,log_prob,meff_data
1.0,1.1760913,-183463.17,70.874886
0.9310345,1.1760913,-215267.66,109.1156
0.86206895,1.1760913,-260753.8,72.05112
0.79310346,1.1760913,-317656.97,-25.191381
0.7241379,1.1760913,-387624.66,-15.282763
0.6551724,1.1760913,-468542.72,31.736103
0.5862069,1.1760913,-558602.25,132.26353
0.51724136,1.1760913,-657133.44,63.52046
0.44827586,1.1760913,-761047.25,-41.33857
0.37931034,1.1760913,-870529.0,58.02468
0.31034482,1.1760913,-987384.2,-35.27103
0.2413793,1.1760913,-1111233.8,14.21331
0.1724138,1.1760913,-1237207.2,-119.35613
0.10344828,1.1760913,-1363820.4,-67.87349
0.03448276,1.1760913,-1487220.4,-35.16872
-0.03448276,1.1760913,-1602154.5,9.179351
-0.10344828,1.1760913,-1707990.2,-157.54233
-0.1724138,1.1760913,-1798214.0,-53.556503
-0.2413793,1.1760913,-1882568.8,-19.387861
-0.31034482,1.1760913,-1955378.0,-82.42878
-0.37931034,1.1760913,-2027789.0,-129.38692
-0.44827586,1.1760913,-2096495.4,80.09546
-0.51724136,1.1760913,-2161872.5,43.040028
-0.5862069,1.1760913,-2221749.0,41.149746
-0.6551724,1.1760913,-2278252.8,9.365157
-0.7241379,1.1760913,-2332439.2,-14.993818
-0.79310346,1.1760913,-2385716.0,-19.866503
-0.86206895,1.1760913,-2436478.2,11.241709
-0.9310345,1.1760913,-2483726.8,20.057014
-1.0,1.1760913,-2527482.0,14.942318
1.0,1.2233437,-191089.36,38.566975
0.9310345,1.2233437,-221805.69,16.352587
0.86206895,1.2233437,-265276.16,40.852642
0.79310346,1.2233437,-319956.12,34.482506
0.7241379,1.2233437,-387695.84,112.26327
0.6551724,1.2233437,-467973.84,-21.680727
0.5862069,1.2233437,-558508.5,34.57337
0.51724136,1.2233437,-658919.6,-9.438553
0.44827586,1.2233437,-771014.6,17.431517
0.37931034,1.2233437,-889426.44,-112.07952
0.31034482,1.2233437,-1011228.0,-61.659424
0.2413793,1.2233437,-1135341.4,-143.96986
0.1724138,1.2233437,-1261721.5,-77.387566
0.10344828,1.2233437,-1383667.9,6.259092
0.03448276,1.2233437,-1495857.4,25.775303
-0.03448276,1.2233437,-1600462.8,-45.266296
-0.10344828,1.2233437,-1697805.1,36.800877
-0.1724138,1.2233437,-1785770.8,-139.34866
-0.2413793,1.2233437,-1869338.6,-62.31898
-0.31034482,1.2233437,-1949807.8,-44.588974
-0.37931034,1.2233437,-2025510.4,28.67697
-0.44827586,1.2233437,-2096396.2,19.136835
-0.51724136,1.2233437,-2163609.5,27.50221
-0.5862069,1.2233437,-2225740.2,64.93704
-0.6551724,1.2233437,-2282601.0,47.192852
-0.7241379,1.2233437,-2336403.0,23.627129
-0.79310346,1.2233437,-2389734.0,2.219741
-0.86206895,1.2233437,-2440782.2,20.359047
-0.9310345,1.2233437,-2489213.8,31.81563
-1.0,1.2233437,-2532609.2,4.4380445
1.0,1.2659558,-194443.53,73.372
0.9310345,1.2659558,-222790.7,43.123447
0.86206895,1.2659558,-264914.9,44.2823
0.79310346,1.2659558,-319903.97,5.7012124
0.7241379,1.2659558,-387760.34,104.37479
0.6551724,1.2659558,-467617.34,99.95868
0.5862069,1.2659558,-560295.56,4.0801783
0.51724136,1.2659558,-662201.7,-19.011509
0.44827586,1.2659558,-771951.8,132.66733
0.37931034,1.2659558,-884492.7,-78.10828
0.31034482,1.2659558,-1008809.75,142.98932
0.2413793,1.2659558,-1135857.9,11.866692
0.1724138,1.2659558,-1263462.6,-34.323494
0.10344828,1.2659558,-1384731.0,-47.05932
0.03448276,1.2659558,-1495926.0,82.07716
-0.03448276,1.2659558,-1589557.8,73.077095
-0.10344828,1.2659558,-1676059.0,86.44632
-0.1724138,1.2659558,-1750846.5,37.003887
-0.2413793,1.2659558,-1814685.5,32.82975
-0.31034482,1.2659558,-1876257.8,-5.6070065
-0.37931034,1.2659558,-1937174.1,-17.628798
-0.44827586,1.2659558,-1997825.0,-1.8864588
-0.51724136,1.2659558,-2059590.0,39.018303
-0.5862069,1.2659558,-2121928.5,12.993473
-0.6551724,1.2659558,-2185416.5,-25.135405
-0.7241379,1.2659558,-2250550.5,10.1775465
-0.79310346,1.2659558,-2314947.5,-28.312538
-0.86206895,1.2659558,-2376302.0,-9.594091
-0.9310345,1.2659558,-2434697.5,42.48224
-1.0,1.2659558,-2487753.5,7.761048
1.0,1.3047578,-182521.47,55.141617
0.9310345,1.3047578,-214985.95,68.30207
0.86206895,1.3047578,-259273.12,43.128174
0.79310346,1.3047578,-316452.78,11.952075
0.7241379,1.3047578,-387061.47,27.613716
0.6551724,1.3047578,-469183.94,-15.790229
0.5862069,1.3047578,-559276.4,33.699574
0.51724136,1.3047578,-657611.75,21.444271
0.44827586,1.3047578,-763576.94,21.011086
0.37931034,1.3047578,-874350.9,59.712563
0.31034482,1.3047578,-990972.75,3.2568333
0.2413793,1.3047578,-1109784.6,160.08418
0.1724138,1.3047578,-1229186.9,90.72398
0.10344828,1.3047578,-1341973.1,49.248608
0.03448276,1.3047578,-1450234.6,17.351679
-0.03448276,1.3047578,-1549876.4,15.902226
-0.10344828,1.3047578,-1638713.0,-38.43035
-0.1724138,1.3047578,-1723547.2,-126.09379
-0.2413793,1.3047578,-1810332.0,77.68275
-0.31034482,1.3047578,-1890695.1,12.08641
-0.37931034,1.3047578,-1966917.1,-14.115058
-0.44827586,1.3047578,-2039915.0,47.483154
-0.51724136,1.3047578,-2111252.8,-37.500137
-0.5862069,1.3047578,-2180665.2,-92.95875
-0.6551724,1.3047578,-2248741.5,13.808635
-0.7241379,1.3047578,-2314671.2,-1.7963684
-0.79310346,1.3047578,-2375165.2,-10.96667
-0.86206895,1.3047578,-2431412.2,54.29396
-0.9310345,1.3047578,-2483539.8,17.502342
-1.0,1.3047578,-2529368.2,8.470969
1.0,1.3403758,-175596.0,53.431747
0.9310345,1.3403758,-207900.9,20.397331
0.86206895,1.3403758,-250876.73,3.5974786
0.79310346,1.3403758,-305482.12,5.0105414
0.7241379,1.3403758,-371827.34,57.692783
0.6551724,1.3403758,-449344.8,38.046124
0.5862069,1.3403758,-535934.4,71.585075
0.51724136,1.3403758,-632201.94,8.671343
0.44827586,1.3403758,-734796.44,-52.719696
0.37931034,1.3403758,-846189.06,32.73645
0.31034482,1.3403758,-962349.44,152.52824
0.2413793,1.3403758,-1084009.8,14.676647
0.1724138,1.3403758,-1203416.4,-192.71709
0.10344828,1.3403758,-1314337.8,165.33986
0.03448276,1.3403758,-1414303.0,77.568214
-0.03448276,1.3403758,-1505709.5,-24.145739
-0.10344828,1.3403758,-1591823.1,-134.23183
-0.1724138,1.3403758,-1674407.5,-18.386522
-0.2413793,1.3403758,-1754750.5,14.91164
-0.31034482,1.3403758,-1831081.4,133.58742
-0.37931034,1.3403758,-1904456.8,58.616055
-0.44827586,1.3403758,-1976917.8,-25.840317
-0.51724136,1.3403758,-2048427.6,52.197334
-0.5862069,1.3403758,-2117181.0,28.326862
