id,R_grid,z_grid,phi_grid,mass
0,0.5,-2.5,-2.6179938,5091167.0
1,1.5,-2.5,-2.6179938,11521971.0
2,2.5,-2.5,-2.6179938,13581456.0
3,3.5,-2.5,-2.6179938,13533468.0
4,4.5,-2.5,-2.6179938,12045840.0
5,5.5,-2.5,-2.6179938,10154313.0
6,6.5,-2.5,-2.6179938,7990804.5
7,7.5,-2.5,-2.6179938,6023050.5
8,8.5,-2.5,-2.6179938,4687217.5
9,9.5,-2.5,-2.6179938,3207464.0
10,0.5,-1.5,-2.6179938,26764656.0
11,1.5,-1.5,-2.6179938,62608656.0
12,2.5,-1.5,-2.6179938,80136660.0
13,3.5,-1.5,-2.6179938,83156660.0
14,4.5,-1.5,-2.6179938,79532660.0
15,5.5,-1.5,-2.6179938,70804660.0
16,6.5,-1.5,-2.6179938,61108656.0
17,7.5,-1.5,-2.6179938,49388656.0
18,8.5,-1.5,-2.6179938,40116656.0
19,9.5,-1.5,-2.6179938,31876656.0
20,0.5,-0.49999994,-2.6179938,95276660.0
21,1.5,-0.49999994,-2.6179938,226648660.0
22,2.5,-0.49999994,-2.6179938,285460640.0
23,3.5,-0.49999994,-2.6179938,297064640.0
24,4.5,-0.49999994,-2.6179938,284444640.0
25,5.5,-0.49999994,-2.6179938,255720660.0
26,6.5,-0.49999994,-2.6179938,219568660.0
27,7.5,-0.49999994,-2.6179938,183044660.0
28,8.5,-0.49999994,-2.6179938,148988660.0
29,9.5,-0.49999994,-2.6179938,120732660.0
30,0.5,0.5,-2.6179938,95800660.0
31,1.5,0.5,-2.6179938,227524660.0
32,2.5,0.5,-2.6179938,286816640.0
33,3.5,0.5,-2.6179938,296652640.0
34,4.5,0.5,-2.6179938,284088640.0
35,5.5,0.5,-2.6179938,253652660.0
36,6.5,0.5,-2.6179938,220112660.0
37,7.5,0.5,-2.6179938,182268660.0
38,8.5,0.5,-2.6179938,150164660.0
39,9.5,0.5,-2.6179938,120004660.0
40,0.5,1.5,-2.6179938,26636656.0
41,1.5,1.5,-2.6179938,62780656.0
42,2.5,1.5,-2.6179938,79608660.0
43,3.5,1.5,-2.6179938,83736660.0
44,4.5,1.5,-2.6179938,80000660.0
45,5.5,1.5,-2.6179938,70872660.0
46,6.5,1.5,-2.6179938,60396656.0
47,7.5,1.5,-2.6179938,49956656.0
48,8.5,1.5,-2.6179938,40496656.0
49,9.5,1.5,-2.6179938,31292656.0
50,0.5,2.5,-2.6179938,5155159.0
51,1.5,2.5,-2.6179938,11214048.0
52,2.5,2.5,-2.6179938,13797402.0
53,3.5,2.5,-2.6179938,13677432.0
54,4.5,2.5,-2.6179938,12017847.0
55,5.5,2.5,-2.6179938,9874383.0
56,6.5,2.5,-2.6179938,7982805.5
57,7.5,2.5,-2.6179938,6075044.0
58,8.5,2.5,-2.6179938,4571232.0
59,9.5,2.5,-2.6179938,3475413.8
60,0.5,-2.5,-1.5707963,4931187.0
61,1.5,-2.5,-1.5707963,11058087.0
62,2.5,-2.5,-1.5707963,13761411.0
63,3.5,-2.5,-1.5707963,13061586.0
64,4.5,-2.5,-1.5707963,12445740.0
65,5.5,-2.5,-1.5707963,9994353.0
66,6.5,-2.5,-1.5707963,7910814.5
67,7.5,-2.5,-1.5707963,6067045.0
68,8.5,-2.5,-1.5707963,4587230.0
69,9.5,-2.5,-1.5707963,3311444.5
70,0.5,-1.5,-1.5707963,26732656.0
71,1.5,-1.5,-1.5707963,62812656.0
72,2.5,-1.5,-1.5707963,80224660.0
73,3.5,-1.5,-1.5707963,83000660.0
74,4.5,-1.5,-1.5707963,80812660.0
75,5.5,-1.5,-1.5707963,71272660.0
76,6.5,-1.5,-1.5707963,60580656.0
77,7.5,-1.5,-1.5707963,49588656.0
78,8.5,-1.5,-1.5707963,40064656.0
79,9.5,-1.5,-1.5707963,31624656.0
80,0.5,-0.49999994,-1.5707963,95884660.0
81,1.5,-0.49999994,-1.5707963,227864660.0
82,2.5,-0.49999994,-1.5707963,285328640.0
83,3.5,-0.49999994,-1.5707963,296628640.0
84,4.5,-0.49999994,-1.5707963,283388640.0
85,5.5,-0.49999994,-1.5707963,252284660.0
86,6.5,-0.49999994,-1.5707963,220012660.0
87,7.5,-0.49999994,-1.5707963,182352660.0
88,8.5,-0.49999994,-1.5707963,150252660.0
89,9.5,-0.49999994,-1.5707963,120300660.0
90,0.5,0.5,-1.5707963,96728660.0
91,1.5,0.5,-1.5707963,227108660.0
92,2.5,0.5,-1.5707963,284104640.0
93,3.5,0.5,-1.5707963,298368640.0
94,4.5,0.5,-1.5707963,283464640.0
95,5.5,0.5,-1.5707963,253340660.0
96,6.5,0.5,-1.5707963,218740660.0
97,7.5,0.5,-1.5707963,182528660.0
98,8.5,0.5,-1.5707963,149936660.0
99,9.5,0.5,-1.5707963,120548660.0
100,0.5,1.5,-1.5707963,26900656.0
101,1.5,1.5,-1.5707963,63368656.0
102,2.5,1.5,-1.5707963,80008660.0
103,3.5,1.5,-1.5707963,83488660.0
104,4.5,1.5,-1.5707963,79856660.0
105,5.5,1.5,-1.5707963,71084660.0
106,6.5,1.5,-1.5707963,60976656.0
107,7.5,1.5,-1.5707963,49552656.0
108,8.5,1.5,-1.5707963,40224656.0
109,9.5,1.5,-1.5707963,31656656.0
110,0.5,2.5,-1.5707963,4975181.5
111,1.5,2.5,-1.5707963,11114073.0
112,2.5,2.5,-1.5707963,13625445.0
113,3.5,2.5,-1.5707963,13557462.0
114,4.5,2.5,-1.5707963,12517722.0
115,5.5,2.5,-1.5707963,9982356.0
116,6.5,2.5,-1.5707963,7922813.0
117,7.5,2.5,-1.5707963,6179031.0
118,8.5,2.5,-1.5707963,4483243.0
119,9.5,2.5,-1.5707963,3407426.5
120,0.5,-2.5,-0.52359873,5203153.0
121,1.5,-2.5,-0.52359873,11525970.0
122,2.5,-2.5,-0.52359873,13829394.0
123,3.5,-2.5,-0.52359873,13157562.0
124,4.5,-2.5,-0.52359873,12277782.0
125,5.5,-2.5,-0.52359873,10278282.0
126,6.5,-2.5,-0.52359873,7838823.5
127,7.5,-2.5,-0.52359873,6315014.0
128,8.5,-2.5,-0.52359873,4311264.5
129,9.5,-2.5,-0.52359873,3419424.2
130,0.5,-1.5,-0.52359873,26384656.0
131,1.5,-1.5,-0.52359873,62908656.0
132,2.5,-1.5,-0.52359873,80168660.0
133,3.5,-1.5,-0.52359873,83856660.0
134,4.5,-1.5,-0.52359873,79760660.0
135,5.5,-1.5,-0.52359873,70952660.0
136,6.5,-1.5,-0.52359873,59928656.0
137,7.5,-1.5,-0.52359873,49588656.0
138,8.5,-1.5,-0.52359873,40396656.0
139,9.5,-1.5,-0.52359873,31764656.0
140,0.5,-0.49999994,-0.52359873,96048660.0
141,1.5,-0.49999994,-0.52359873,229040660.0
142,2.5,-0.49999994,-0.52359873,285236640.0
143,3.5,-0.49999994,-0.52359873,298136640.0
144,4.5,-0.49999994,-0.52359873,283004640.0
145,5.5,-0.49999994,-0.52359873,253444660.0
146,6.5,-0.49999994,-0.52359873,218004660.0
147,7.5,-0.49999994,-0.52359873,182648660.0
148,8.5,-0.49999994,-0.52359873,150096660.0
149,9.5,-0.49999994,-0.52359873,121328660.0
150,0.5,0.5,-0.52359873,95500660.0
151,1.5,0.5,-0.52359873,228236660.0
152,2.5,0.5,-0.52359873,286056640.0
153,3.5,0.5,-0.52359873,298244640.0
154,4.5,0.5,-0.52359873,283188640.0
155,5.5,0.5,-0.52359873,254868660.0
156,6.5,0.5,-0.52359873,218896660.0
157,7.5,0.5,-0.52359873,183412660.0
158,8.5,0.5,-0.52359873,150100660.0
159,9.5,0.5,-0.52359873,120196660.0
160,0.5,1.5,-0.52359873,27248656.0
161,1.5,1.5,-0.52359873,63764656.0
162,2.5,1.5,-0.52359873,79648660.0
163,3.5,1.5,-0.52359873,84104660.0
164,4.5,1.5,-0.52359873,79364660.0
165,5.5,1.5,-0.52359873,71188660.0
166,6.5,1.5,-0.52359873,60920656.0
167,7.5,1.5,-0.52359873,49872656.0
168,8.5,1.5,-0.52359873,39528656.0
169,9.5,1.5,-0.52359873,31572656.0
170,0.5,2.5,-0.52359873,4955184.0
171,1.5,2.5,-0.52359873,11138067.0
172,2.5,2.5,-0.52359873,13657437.0
173,3.5,2.5,-0.52359873,13745415.0
174,4.5,2.5,-0.52359873,12389754.0
175,5.5,2.5,-0.52359873,10206300.0
176,6.5,2.5,-0.52359873,8054796.5
177,7.5,2.5,-0.52359873,6035049.0
178,8.5,2.5,-0.52359873,4483243.0
179,9.5,2.5,-0.52359873,3319443.0
180,0.5,-2.5,0.52359885,5159158.5
181,1.5,-2.5,0.52359885,11322021.0
182,2.5,-2.5,0.52359885,13481481.0
183,3.5,-2.5,0.52359885,13485480.0
184,4.5,-2.5,0.52359885,12161811.0
185,5.5,-2.5,0.52359885,10114323.0
186,6.5,-2.5,0.52359885,8070794.5
187,7.5,-2.5,0.52359885,5983055.5
188,8.5,-2.5,0.52359885,4415251.5
189,9.5,-2.5,0.52359885,3199465.5
190,0.5,-1.5,0.52359885,26712656.0
191,1.5,-1.5,0.52359885,62912656.0
192,2.5,-1.5,0.52359885,80992660.0
193,3.5,-1.5,0.52359885,84676660.0
194,4.5,-1.5,0.52359885,80184660.0
195,5.5,-1.5,0.52359885,71380660.0
196,6.5,-1.5,0.52359885,60552656.0
197,7.5,-1.5,0.52359885,49608656.0
198,8.5,-1.5,0.52359885,39596656.0
199,9.5,-1.5,0.52359885,31812656.0
200,0.5,-0.49999994,0.52359885,95012660.0
201,1.5,-0.49999994,0.52359885,228544660.0
202,2.5,-0.49999994,0.52359885,284876640.0
203,3.5,-0.49999994,0.52359885,297836640.0
204,4.5,-0.49999994,0.52359885,282892640.0
205,5.5,-0.49999994,0.52359885,254656660.0
206,6.5,-0.49999994,0.52359885,218808660.0
207,7.5,-0.49999994,0.52359885,183272660.0
208,8.5,-0.49999994,0.52359885,148988660.0
209,9.5,-0.49999994,0.52359885,120528660.0
210,0.5,0.5,0.52359885,95316660.0
211,1.5,0.5,0.52359885,227444660.0
212,2.5,0.5,0.52359885,283256640.0
213,3.5,0.5,0.52359885,296804640.0
214,4.5,0.5,0.52359885,283144640.0
215,5.5,0.5,0.52359885,253740660.0
216,6.5,0.5,0.52359885,218104660.0
217,7.5,0.5,0.52359885,182524660.0
218,8.5,0.5,0.52359885,150136660.0
219,9.5,0.5,0.52359885,121012660.0
220,0.5,1.5,0.52359885,26776656.0
221,1.5,1.5,0.52359885,62604656.0
222,2.5,1.5,0.52359885,80224660.0
223,3.5,1.5,0.52359885,84348660.0
224,4.5,1.5,0.52359885,79864660.0
225,5.5,1.5,0.52359885,71644660.0
226,6.5,1.5,0.52359885,60316656.0
227,7.5,1.5,0.52359885,49472656.0
228,8.5,1.5,0.52359885,39764656.0
229,9.5,1.5,0.52359885,30812656.0
230,0.5,2.5,0.52359885,4983180.5
231,1.5,2.5,0.52359885,11593953.0
232,2.5,2.5,0.52359885,13529469.0
233,3.5,2.5,0.52359885,13629444.0
234,4.5,2.5,0.52359885,12093828.0
235,5.5,2.5,0.52359885,10170309.0
236,6.5,2.5,0.52359885,7882818.0
237,7.5,2.5,0.52359885,6195029.0
238,8.5,2.5,0.52359885,4591229.5
239,9.5,2.5,0.52359885,3391429.5
240,0.5,-2.5,1.5707965,5099166.0
241,1.5,-2.5,1.5707965,10978107.0
242,2.5,-2.5,1.5707965,13585455.0
243,3.5,-2.5,1.5707965,13645440.0
244,4.5,-2.5,1.5707965,12201801.0
245,5.5,-2.5,1.5707965,10018347.0
246,6.5,-2.5,1.5707965,7978806.0
247,7.5,-2.5,1.5707965,5987055.0
248,8.5,-2.5,1.5707965,4407252.5
249,9.5,-2.5,1.5707965,3203464.8
250,0.5,-1.5,1.5707965,26916656.0
251,1.5,-1.5,1.5707965,63148656.0
252,2.5,-1.5,1.5707965,79940660.0
253,3.5,-1.5,1.5707965,84864660.0
254,4.5,-1.5,1.5707965,79828660.0
255,5.5,-1.5,1.5707965,71084660.0
256,6.5,-1.5,1.5707965,60636656.0
257,7.5,-1.5,1.5707965,50072656.0
258,8.5,-1.5,1.5707965,39768656.0
259,9.5,-1.5,1.5707965,31532656.0
260,0.5,-0.49999994,1.5707965,95416660.0
261,1.5,-0.49999994,1.5707965,228024660.0
262,2.5,-0.49999994,1.5707965,284840640.0
263,3.5,-0.49999994,1.5707965,296404640.0
264,4.5,-0.49999994,1.5707965,284644640.0
265,5.5,-0.49999994,1.5707965,253732660.0
266,6.5,-0.49999994,1.5707965,218896660.0
267,7.5,-0.49999994,1.5707965,183424660.0
268,8.5,-0.49999994,1.5707965,149184660.0
269,9.5,-0.49999994,1.5707965,121496660.0
270,0.5,0.5,1.5707965,95680660.0
271,1.5,0.5,1.5707965,228560660.0
272,2.5,0.5,1.5707965,285332640.0
273,3.5,0.5,1.5707965,298084640.0
274,4.5,0.5,1.5707965,284256640.0
275,5.5,0.5,1.5707965,255468660.0
276,6.5,0.5,1.5707965,218760660.0
277,7.5,0.5,1.5707965,183652660.0
278,8.5,0.5,1.5707965,148656660.0
279,9.5,0.5,1.5707965,120216660.0
280,0.5,1.5,1.5707965,26180656.0
281,1.5,1.5,1.5707965,62968656.0
282,2.5,1.5,1.5707965,80460660.0
283,3.5,1.5,1.5707965,84060660.0
284,4.5,1.5,1.5707965,79920660.0
285,5.5,1.5,1.5707965,71168660.0
286,6.5,1.5,1.5707965,61088656.0
287,7.5,1.5,1.5707965,49136656.0
288,8.5,1.5,1.5707965,40408656.0
289,9.5,1.5,1.5707965,32200656.0
290,0.5,2.5,1.5707965,5315139.0
291,1.5,2.5,1.5707965,11258037.0
292,2.5,2.5,1.5707965,13421496.0
293,3.5,2.5,1.5707965,13605450.0
294,4.5,2.5,1.5707965,12129819.0
295,5.5,2.5,1.5707965,10326270.0
296,6.5,2.5,1.5707965,8014801.5
297,7.5,2.5,1.5707965,6023050.5
298,8.5,2.5,1.5707965,4539236.0
299,9.5,2.5,1.5707965,3147475.2
300,0.5,-2.5,2.6179938,4971182.0
301,1.5,-2.5,2.6179938,11014098.0
302,2.5,-2.5,2.6179938,13413498.0
303,3.5,-2.5,2.6179938,13765410.0
304,4.5,-2.5,2.6179938,12085830.0
305,5.5,-2.5,2.6179938,10258287.0
306,6.5,-2.5,2.6179938,7810827.0
307,7.5,-2.5,2.6179938,5979056.0
308,8.5,-2.5,2.6179938,4627225.0
309,9.5,-2.5,2.6179938,3387430.2
310,0.5,-1.5,2.6179938,26544656.0
311,1.5,-1.5,2.6179938,63252656.0
312,2.5,-1.5,2.6179938,79400660.0
313,3.5,-1.5,2.6179938,83964660.0
314,4.5,-1.5,2.6179938,79724660.0
315,5.5,-1.5,2.6179938,71256660.0
316,6.5,-1.5,2.6179938,60396656.0
317,7.5,-1.5,2.6179938,50112656.0
318,8.5,-1.5,2.6179938,39524656.0
319,9.5,-1.5,2.6179938,31840656.0
320,0.5,-0.49999994,2.6179938,96540660.0
321,1.5,-0.49999994,2.6179938,227552660.0
322,2.5,-0.49999994,2.6179938,286696640.0
323,3.5,-0.49999994,2.6179938,297756640.0
324,4.5,-0.49999994,2.6179938,283800640.0
325,5.5,-0.49999994,2.6179938,254188660.0
326,6.5,-0.49999994,2.6179938,219420660.0
327,7.5,-0.49999994,2.6179938,182068660.0
328,8.5,-0.49999994,2.6179938,150796660.0
329,9.5,-0.49999994,2.6179938,120736660.0
330,0.5,0.5,2.6179938,94728660.0
331,1.5,0.5,2.6179938,227680660.0
332,2.5,0.5,2.6179938,286400640.0
333,3.5,0.5,2.6179938,298228640.0
334,4.5,0.5,2.6179938,283356640.0
335,5.5,0.5,2.6179938,253692660.0
336,6.5,0.5,2.6179938,219692660.0
337,7.5,0.5,2.6179938,183192660.0
338,8.5,0.5,2.6179938,148632660.0
339,9.5,0.5,2.6179938,121220660.0
340,0.5,1.5,2.6179938,26812656.0
341,1.5,1.5,2.6179938,63268656.0
342,2.5,1.5,2.6179938,80400660.0
343,3.5,1.5,2.6179938,84308660.0
344,4.5,1.5,2.6179938,79920660.0
345,5.5,1.5,2.6179938,69400660.0
346,6.5,1.5,2.6179938,60508656.0
347,7.5,1.5,2.6179938,49432656.0
348,8.5,1.5,2.6179938,39864656.0
349,9.5,1.5,2.6179938,31272656.0
350,0.5,2.5,2.6179938,4875194.0
351,1.5,2.5,2.6179938,10810149.0
352,2.5,2.5,2.6179938,13417497.0
353,3.5,2.5,2.6179938,13785405.0
354,4.5,2.5,2.6179938,12005850.0
355,5.5,2.5,2.6179938,10054338.0
356,6.5,2.5,2.6179938,7878818.5
357,7.5,2.5,2.6179938,5939061.0
358,8.5,2.5,2.6179938,4511239.5
359,9.5,2.5,2.6179938,3471414.5
