log_light_to_mass_ratio,log_Omega,log_prob
-1.0,1.0,-1973435.875
-0.9411764705882353,1.0,-1733934.0
-0.8823529411764706,1.0,-1495373.25
-0.8235294117647058,1.0,-1264370.5
-0.7647058823529411,1.0,-1040747.1875
-0.7058823529411764,1.0,-834744.75
-0.6470588235294118,1.0,-655421.3125
-0.5882352941176471,1.0,-504093.625
-0.5294117647058824,1.0,-382472.59375
-0.47058823529411764,1.0,-287509.96875
-0.4117647058823529,1.0,-217600.375
-0.3529411764705882,1.0,-168035.140625
-0.2941176470588236,1.0,-134063.40625
-0.23529411764705888,1.0,-111647.4296875
-0.17647058823529416,1.0,-97601.3203125
-0.11764705882352944,1.0,-89123.1484375
-0.05882352941176472,1.0,-84237.0078125
0.0,1.0,-81748.4453125
0.05882352941176472,1.0,-80870.5703125
0.11764705882352944,1.0,-81071.5859375
0.17647058823529416,1.0,-82161.4296875
0.23529411764705888,1.0,-83964.6015625
0.2941176470588236,1.0,-86421.5
0.3529411764705883,1.0,-89438.5546875
0.4117647058823528,1.0,-92775.9609375
0.47058823529411753,1.0,-95883.453125
0.5294117647058822,1.0,-98279.2109375
0.588235294117647,1.0,-99921.546875
0.6470588235294117,1.0,-100680.328125
0.7058823529411764,1.0,-100588.9296875
0.7647058823529411,1.0,-99780.0859375
0.8235294117647058,1.0,-98591.71875
0.8823529411764706,1.0,-97122.1640625
0.9411764705882353,1.0,-95611.734375
1.0,1.0,-94665.0859375
-1.0,1.0294117647058822,-2008607.75
-0.9411764705882353,1.0294117647058822,-1763821.875
-0.8823529411764706,1.0294117647058822,-1519200.625
-0.8235294117647058,1.0294117647058822,-1281204.5
-0.7647058823529411,1.0294117647058822,-1052194.625
-0.7058823529411764,1.0294117647058822,-841542.75
-0.6470588235294118,1.0294117647058822,-658302.375
-0.5882352941176471,1.0294117647058822,-504001.46875
-0.5294117647058824,1.0294117647058822,-381468.03125
-0.47058823529411764,1.0294117647058822,-286634.25
-0.4117647058823529,1.0294117647058822,-216855.984375
-0.3529411764705882,1.0294117647058822,-167114.34375
-0.2941176470588236,1.0294117647058822,-133093.59375
-0.23529411764705888,1.0294117647058822,-110638.390625
-0.17647058823529416,1.0294117647058822,-96039.9765625
-0.11764705882352944,1.0294117647058822,-87060.1171875
-0.05882352941176472,1.0294117647058822,-81825.5390625
0.0,1.0294117647058822,-78955.9296875
0.05882352941176472,1.0294117647058822,-77775.3359375
0.11764705882352944,1.0294117647058822,-77812.390625
0.17647058823529416,1.0294117647058822,-78770.1875
0.23529411764705888,1.0294117647058822,-80511.2421875
0.2941176470588236,1.0294117647058822,-83016.328125
0.3529411764705883,1.0294117647058822,-86173.0234375
0.4117647058823528,1.0294117647058822,-89687.6875
0.47058823529411753,1.0294117647058822,-93189.5234375
0.5294117647058822,1.0294117647058822,-96341.7421875
0.588235294117647,1.0294117647058822,-98685.0625
0.6470588235294117,1.0294117647058822,-100080.59375
0.7058823529411764,1.0294117647058822,-100335.796875
0.7647058823529411,1.0294117647058822,-99605.6171875
0.8235294117647058,1.0294117647058822,-98258.2578125
0.8823529411764706,1.0294117647058822,-96585.984375
0.9411764705882353,1.0294117647058822,-94769.75
1.0,1.0294117647058822,-93194.796875
-1.0,1.0588235294117647,-1979543.125
-0.9411764705882353,1.0588235294117647,-1738002.875
-0.8823529411764706,1.0588235294117647,-1497764.5
-0.8235294117647058,1.0588235294117647,-1265202.75
-0.7647058823529411,1.0588235294117647,-1039731.75
-0.7058823529411764,1.0588235294117647,-834771.8125
-0.6470588235294118,1.0588235294117647,-653070.5625
-0.5882352941176471,1.0588235294117647,-501019.0625
-0.5294117647058824,1.0588235294117647,-382030.03125
-0.47058823529411764,1.0588235294117647,-289413.65625
-0.4117647058823529,1.0588235294117647,-220610.15625
-0.3529411764705882,1.0588235294117647,-171706.484375
-0.2941176470588236,1.0588235294117647,-138066.59375
-0.23529411764705888,1.0588235294117647,-116129.96875
-0.17647058823529416,1.0588235294117647,-102226.5234375
-0.11764705882352944,1.0588235294117647,-93828.0859375
-0.05882352941176472,1.0588235294117647,-88864.390625
0.0,1.0588235294117647,-86174.1640625
0.05882352941176472,1.0588235294117647,-85054.1875
0.11764705882352944,1.0588235294117647,-85198.1953125
0.17647058823529416,1.0588235294117647,-86265.0234375
0.23529411764705888,1.0588235294117647,-88126.78125
0.2941176470588236,1.0588235294117647,-90746.2265625
0.3529411764705883,1.0588235294117647,-93849.4375
0.4117647058823528,1.0588235294117647,-97131.0546875
0.47058823529411753,1.0588235294117647,-100186.640625
0.5294117647058822,1.0588235294117647,-102669.734375
0.588235294117647,1.0588235294117647,-104127.9765625
0.6470588235294117,1.0588235294117647,-104484.28125
0.7058823529411764,1.0588235294117647,-103756.71875
0.7647058823529411,1.0588235294117647,-102217.6796875
0.8235294117647058,1.0588235294117647,-100238.8359375
0.8823529411764706,1.0588235294117647,-98173.1015625
0.9411764705882353,1.0588235294117647,-96270.765625
1.0,1.0588235294117647,-94858.484375
-1.0,1.0882352941176472,-1992935.375
-0.9411764705882353,1.0882352941176472,-1748570.75
-0.8823529411764706,1.0882352941176472,-1506420.875
-0.8235294117647058,1.0882352941176472,-1271528.75
-0.7647058823529411,1.0882352941176472,-1045295.875
-0.7058823529411764,1.0882352941176472,-837556.875
-0.6470588235294118,1.0882352941176472,-656906.5625
-0.5882352941176471,1.0882352941176472,-506283.46875
-0.5294117647058824,1.0882352941176472,-386220.53125
-0.47058823529411764,1.0882352941176472,-293721.375
-0.4117647058823529,1.0882352941176472,-226761.03125
-0.3529411764705882,1.0882352941176472,-178538.234375
-0.2941176470588236,1.0882352941176472,-145496.140625
-0.23529411764705888,1.0882352941176472,-123883.8671875
-0.17647058823529416,1.0882352941176472,-109900.7890625
-0.11764705882352944,1.0882352941176472,-101298.078125
-0.05882352941176472,1.0882352941176472,-96343.03125
0.0,1.0882352941176472,-93543.21875
0.05882352941176472,1.0882352941176472,-92168.1796875
0.11764705882352944,1.0882352941176472,-91859.1953125
0.17647058823529416,1.0882352941176472,-92450.0546875
0.23529411764705888,1.0882352941176472,-93786.6328125
0.2941176470588236,1.0882352941176472,-95833.3984375
0.3529411764705883,1.0882352941176472,-98491.3359375
0.4117647058823528,1.0882352941176472,-101500.6484375
0.47058823529411753,1.0882352941176472,-104461.9375
0.5294117647058822,1.0882352941176472,-106916.8046875
0.588235294117647,1.0882352941176472,-108571.8984375
0.6470588235294117,1.0882352941176472,-109235.15625
0.7058823529411764,1.0882352941176472,-109077.5390625
0.7647058823529411,1.0882352941176472,-108059.7890625
0.8235294117647058,1.0882352941176472,-106552.765625
0.8823529411764706,1.0882352941176472,-104800.328125
0.9411764705882353,1.0882352941176472,-103229.6328125
1.0,1.0882352941176472,-101995.4921875
-1.0,1.1176470588235294,-1971663.5
-0.9411764705882353,1.1176470588235294,-1731418.125
-0.8823529411764706,1.1176470588235294,-1490437.75
-0.8235294117647058,1.1176470588235294,-1258729.375
-0.7647058823529411,1.1176470588235294,-1035168.125
-0.7058823529411764,1.1176470588235294,-828936.4375
-0.6470588235294118,1.1176470588235294,-649955.6875
-0.5882352941176471,1.1176470588235294,-498970.5625
-0.5294117647058824,1.1176470588235294,-377562.78125
-0.47058823529411764,1.1176470588235294,-284866.8125
-0.4117647058823529,1.1176470588235294,-217537.109375
-0.3529411764705882,1.1176470588235294,-170181.296875
-0.2941176470588236,1.1176470588235294,-138445.0
-0.23529411764705888,1.1176470588235294,-117729.2265625
-0.17647058823529416,1.1176470588235294,-104718.0703125
-0.11764705882352944,1.1176470588235294,-97060.8359375
-0.05882352941176472,1.1176470588235294,-92841.40625
0.0,1.1176470588235294,-90710.5859375
0.05882352941176472,1.1176470588235294,-89844.0703125
0.11764705882352944,1.1176470588235294,-89849.3828125
0.17647058823529416,1.1176470588235294,-90586.265625
0.23529411764705888,1.1176470588235294,-91901.015625
0.2941176470588236,1.1176470588235294,-93936.34375
0.3529411764705883,1.1176470588235294,-96654.2265625
0.4117647058823528,1.1176470588235294,-99770.1015625
0.47058823529411753,1.1176470588235294,-102939.96875
0.5294117647058822,1.1176470588235294,-105720.4609375
0.588235294117647,1.1176470588235294,-107666.890625
0.6470588235294117,1.1176470588235294,-108820.0234375
0.7058823529411764,1.1176470588235294,-109129.828125
0.7647058823529411,1.1176470588235294,-108602.1796875
0.8235294117647058,1.1176470588235294,-107573.1015625
0.8823529411764706,1.1176470588235294,-106416.84375
0.9411764705882353,1.1176470588235294,-105555.0625
1.0,1.1176470588235294,-105321.578125
-1.0,1.1470588235294117,-2002424.625
-0.9411764705882353,1.1470588235294117,-1754066.875
-0.8823529411764706,1.1470588235294117,-1506825.625
-0.8235294117647058,1.1470588235294117,-1267804.375
-0.7647058823529411,1.1470588235294117,-1037293.8125
-0.7058823529411764,1.1470588235294117,-825694.4375
-0.6470588235294118,1.1470588235294117,-642058.125
-0.5882352941176471,1.1470588235294117,-491616.28125
-0.5294117647058824,1.1470588235294117,-370903.71875
-0.47058823529411764,1.1470588235294117,-279926.5625
-0.4117647058823529,1.1470588235294117,-213461.203125
-0.3529411764705882,1.1470588235294117,-166901.34375
-0.2941176470588236,1.1470588235294117,-135209.640625
-0.23529411764705888,1.1470588235294117,-114857.609375
-0.17647058823529416,1.1470588235294117,-102136.5703125
-0.11764705882352944,1.1470588235294117,-94660.140625
-0.05882352941176472,1.1470588235294117,-90413.734375
0.0,1.1470588235294117,-88288.078125
0.05882352941176472,1.1470588235294117,-87395.9921875
0.11764705882352944,1.1470588235294117,-87377.7890625
0.17647058823529416,1.1470588235294117,-88014.5703125
0.23529411764705888,1.1470588235294117,-89376.2890625
0.2941176470588236,1.1470588235294117,-91434.1640625
0.3529411764705883,1.1470588235294117,-94209.25
0.4117647058823528,1.1470588235294117,-97366.6796875
0.47058823529411753,1.1470588235294117,-100532.5
0.5294117647058822,1.1470588235294117,-103385.5546875
0.588235294117647,1.1470588235294117,-105569.9765625
0.6470588235294117,1.1470588235294117,-107099.4140625
0.7058823529411764,1.1470588235294117,-108156.3828125
0.7647058823529411,1.1470588235294117,-108799.609375
0.8235294117647058,1.1470588235294117,-109070.5
0.8823529411764706,1.1470588235294117,-108849.671875
0.9411764705882353,1.1470588235294117,-108672.78125
1.0,1.1470588235294117,-108881.1640625
-1.0,1.1764705882352942,-1974331.875
-0.9411764705882353,1.1764705882352942,-1728056.875
-0.8823529411764706,1.1764705882352942,-1483764.875
-0.8235294117647058,1.1764705882352942,-1246674.875
-0.7647058823529411,1.1764705882352942,-1020074.375
-0.7058823529411764,1.1764705882352942,-812033.0
-0.6470588235294118,1.1764705882352942,-633276.5625
-0.5882352941176471,1.1764705882352942,-483915.96875
-0.5294117647058824,1.1764705882352942,-364477.46875
-0.47058823529411764,1.1764705882352942,-273358.875
-0.4117647058823529,1.1764705882352942,-207244.09375
-0.3529411764705882,1.1764705882352942,-161066.65625
-0.2941176470588236,1.1764705882352942,-130332.296875
-0.23529411764705888,1.1764705882352942,-110846.1328125
-0.17647058823529416,1.1764705882352942,-99339.7421875
-0.11764705882352944,1.1764705882352942,-92621.875
-0.05882352941176472,1.1764705882352942,-89089.7734375
0.0,1.1764705882352942,-87561.859375
0.05882352941176472,1.1764705882352942,-87351.0859375
0.11764705882352944,1.1764705882352942,-87975.4921875
0.17647058823529416,1.1764705882352942,-89364.09375
0.23529411764705888,1.1764705882352942,-91425.796875
0.2941176470588236,1.1764705882352942,-94235.34375
0.3529411764705883,1.1764705882352942,-97617.6875
0.4117647058823528,1.1764705882352942,-101450.9921875
0.47058823529411753,1.1764705882352942,-105442.7578125
0.5294117647058822,1.1764705882352942,-109080.7890625
0.588235294117647,1.1764705882352942,-111987.03125
0.6470588235294117,1.1764705882352942,-113822.1171875
0.7058823529411764,1.1764705882352942,-114777.1640625
0.7647058823529411,1.1764705882352942,-115313.3984375
0.8235294117647058,1.1764705882352942,-115563.25
0.8823529411764706,1.1764705882352942,-115435.3984375
0.9411764705882353,1.1764705882352942,-115179.3984375
1.0,1.1764705882352942,-114751.859375
-1.0,1.2058823529411764,-1946541.75
-0.9411764705882353,1.2058823529411764,-1705453.5
-0.8823529411764706,1.2058823529411764,-1465468.875
-0.8235294117647058,1.2058823529411764,-1227273.25
-0.7647058823529411,1.2058823529411764,-1000050.5625
-0.7058823529411764,1.2058823529411764,-794748.5625
-0.6470588235294118,1.2058823529411764,-616580.6875
-0.5882352941176471,1.2058823529411764,-469677.4375
-0.5294117647058824,1.2058823529411764,-351767.15625
-0.47058823529411764,1.2058823529411764,-262401.0
-0.4117647058823529,1.2058823529411764,-197438.75
-0.3529411764705882,1.2058823529411764,-152603.515625
-0.2941176470588236,1.2058823529411764,-122736.0703125
-0.23529411764705888,1.2058823529411764,-103567.515625
-0.17647058823529416,1.2058823529411764,-91978.7578125
-0.11764705882352944,1.2058823529411764,-85418.890625
-0.05882352941176472,1.2058823529411764,-81826.6328125
0.0,1.2058823529411764,-80091.703125
0.05882352941176472,1.2058823529411764,-79449.8359375
0.11764705882352944,1.2058823529411764,-79735.4375
0.17647058823529416,1.2058823529411764,-80825.4296875
0.23529411764705888,1.2058823529411764,-82659.0703125
0.2941176470588236,1.2058823529411764,-85259.515625
0.3529411764705883,1.2058823529411764,-88586.8046875
0.4117647058823528,1.2058823529411764,-92481.03125
0.47058823529411753,1.2058823529411764,-96562.5390625
0.5294117647058822,1.2058823529411764,-100297.0078125
0.588235294117647,1.2058823529411764,-103536.9609375
0.6470588235294117,1.2058823529411764,-105888.984375
0.7058823529411764,1.2058823529411764,-107274.6875
0.7647058823529411,1.2058823529411764,-107909.0859375
0.8235294117647058,1.2058823529411764,-107859.34375
0.8823529411764706,1.2058823529411764,-107487.9375
0.9411764705882353,1.2058823529411764,-106776.71875
1.0,1.2058823529411764,-106150.5703125
-1.0,1.2352941176470589,-2066214.25
-0.9411764705882353,1.2352941176470589,-1800650.875
-0.8823529411764706,1.2352941176470589,-1535861.25
-0.8235294117647058,1.2352941176470589,-1279182.5
-0.7647058823529411,1.2352941176470589,-1036249.25
-0.7058823529411764,1.2352941176470589,-817317.625
-0.6470588235294118,1.2352941176470589,-628622.6875
-0.5882352941176471,1.2352941176470589,-473519.375
-0.5294117647058824,1.2352941176470589,-350175.09375
-0.47058823529411764,1.2352941176470589,-257558.125
-0.4117647058823529,1.2352941176470589,-190852.171875
-0.3529411764705882,1.2352941176470589,-144326.640625
-0.2941176470588236,1.2352941176470589,-114067.359375
-0.23529411764705888,1.2352941176470589,-95038.3203125
-0.17647058823529416,1.2352941176470589,-83291.1484375
-0.11764705882352944,1.2352941176470589,-76564.84375
-0.05882352941176472,1.2352941176470589,-72866.3125
0.0,1.2352941176470589,-71062.8984375
0.05882352941176472,1.2352941176470589,-70463.9921875
0.11764705882352944,1.2352941176470589,-70676.234375
0.17647058823529416,1.2352941176470589,-71638.4921875
0.23529411764705888,1.2352941176470589,-73328.9609375
0.2941176470588236,1.2352941176470589,-75930.03125
0.3529411764705883,1.2352941176470589,-79139.6796875
0.4117647058823528,1.2352941176470589,-82729.4375
0.47058823529411753,1.2352941176470589,-86438.8984375
0.5294117647058822,1.2352941176470589,-90028.6796875
0.588235294117647,1.2352941176470589,-92942.3203125
0.6470588235294117,1.2352941176470589,-94982.6953125
0.7058823529411764,1.2352941176470589,-96135.46875
0.7647058823529411,1.2352941176470589,-96475.7109375
0.8235294117647058,1.2352941176470589,-96399.8359375
0.8823529411764706,1.2352941176470589,-96061.4921875
0.9411764705882353,1.2352941176470589,-95405.1484375
1.0,1.2352941176470589,-94791.21875
-1.0,1.2647058823529411,-1953578.375
-0.9411764705882353,1.2647058823529411,-1705844.875
-0.8823529411764706,1.2647058823529411,-1458839.875
-0.8235294117647058,1.2647058823529411,-1214551.875
-0.7647058823529411,1.2647058823529411,-983878.6875
-0.7058823529411764,1.2647058823529411,-776406.875
-0.6470588235294118,1.2647058823529411,-596737.875
-0.5882352941176471,1.2647058823529411,-448923.53125
-0.5294117647058824,1.2647058823529411,-332268.5625
-0.47058823529411764,1.2647058823529411,-244091.484375
-0.4117647058823529,1.2647058823529411,-180155.78125
-0.3529411764705882,1.2647058823529411,-136358.125
-0.2941176470588236,1.2647058823529411,-107637.84375
-0.23529411764705888,1.2647058823529411,-89598.5859375
-0.17647058823529416,1.2647058823529411,-79090.3515625
-0.11764705882352944,1.2647058823529411,-73317.3671875
-0.05882352941176472,1.2647058823529411,-70867.359375
0.0,1.2647058823529411,-70354.046875
0.05882352941176472,1.2647058823529411,-70901.9453125
0.11764705882352944,1.2647058823529411,-72135.6171875
0.17647058823529416,1.2647058823529411,-73944.7109375
0.23529411764705888,1.2647058823529411,-76375.6640625
0.2941176470588236,1.2647058823529411,-79457.2421875
0.3529411764705883,1.2647058823529411,-83034.46875
0.4117647058823528,1.2647058823529411,-86954.09375
0.47058823529411753,1.2647058823529411,-90925.625
0.5294117647058822,1.2647058823529411,-94440.0234375
0.588235294117647,1.2647058823529411,-97238.4609375
0.6470588235294117,1.2647058823529411,-99006.375
0.7058823529411764,1.2647058823529411,-99680.8203125
0.7647058823529411,1.2647058823529411,-99612.953125
0.8235294117647058,1.2647058823529411,-98822.1640625
0.8823529411764706,1.2647058823529411,-97899.6796875
0.9411764705882353,1.2647058823529411,-97263.765625
1.0,1.2647058823529411,-96848.9296875
-1.0,1.2941176470588236,-1968898.375
-0.9411764705882353,1.2941176470588236,-1712848.875
-0.8823529411764706,1.2941176470588236,-1457050.25
-0.8235294117647058,1.2941176470588236,-1210580.125
-0.7647058823529411,1.2941176470588236,-979251.5
-0.7058823529411764,1.2941176470588236,-769518.4375
-0.6470588235294118,1.2941176470588236,-589525.25
-0.5882352941176471,1.2941176470588236,-440506.46875
-0.5294117647058824,1.2941176470588236,-322212.1875
-0.47058823529411764,1.2941176470588236,-232957.71875
-0.4117647058823529,1.2941176470588236,-169086.828125
-0.3529411764705882,1.2941176470588236,-125606.40625
-0.2941176470588236,1.2941176470588236,-97215.7734375
-0.23529411764705888,1.2941176470588236,-80041.828125
-0.17647058823529416,1.2941176470588236,-70438.0546875
-0.11764705882352944,1.2941176470588236,-65651.1875
-0.05882352941176472,1.2941176470588236,-63772.578125
0.0,1.2941176470588236,-63627.78515625
0.05882352941176472,1.2941176470588236,-64578.59765625
0.11764705882352944,1.2941176470588236,-66262.8203125
0.17647058823529416,1.2941176470588236,-68371.2421875
0.23529411764705888,1.2941176470588236,-70896.8984375
0.2941176470588236,1.2941176470588236,-73940.109375
0.3529411764705883,1.2941176470588236,-77454.4453125
0.4117647058823528,1.2941176470588236,-81164.3359375
0.47058823529411753,1.2941176470588236,-84817.375
0.5294117647058822,1.2941176470588236,-87934.5859375
0.588235294117647,1.2941176470588236,-90168.2109375
0.6470588235294117,1.2941176470588236,-91224.140625
0.7058823529411764,1.2941176470588236,-91358.0546875
0.7647058823529411,1.2941176470588236,-90714.171875
0.8235294117647058,1.2941176470588236,-89539.5234375
0.8823529411764706,1.2941176470588236,-88116.1875
0.9411764705882353,1.2941176470588236,-86882.2421875
1.0,1.2941176470588236,-86332.890625
-1.0,1.3235294117647058,-2028389.75
-0.9411764705882353,1.3235294117647058,-1758941.25
-0.8823529411764706,1.3235294117647058,-1489180.0
-0.8235294117647058,1.3235294117647058,-1231678.5
-0.7647058823529411,1.3235294117647058,-988792.8125
-0.7058823529411764,1.3235294117647058,-772005.0
-0.6470588235294118,1.3235294117647058,-586925.625
-0.5882352941176471,1.3235294117647058,-434286.625
-0.5294117647058824,1.3235294117647058,-314761.59375
-0.47058823529411764,1.3235294117647058,-225392.921875
-0.4117647058823529,1.3235294117647058,-162573.0625
-0.3529411764705882,1.3235294117647058,-119287.0859375
-0.2941176470588236,1.3235294117647058,-91056.2265625
-0.23529411764705888,1.3235294117647058,-73789.03125
-0.17647058823529416,1.3235294117647058,-64048.51953125
-0.11764705882352944,1.3235294117647058,-59234.4765625
-0.05882352941176472,1.3235294117647058,-57407.21484375
0.0,1.3235294117647058,-57451.89453125
0.05882352941176472,1.3235294117647058,-58604.8984375
0.11764705882352944,1.3235294117647058,-60451.71875
0.17647058823529416,1.3235294117647058,-62852.20703125
0.23529411764705888,1.3235294117647058,-65722.9453125
0.2941176470588236,1.3235294117647058,-69092.0625
0.3529411764705883,1.3235294117647058,-72830.09375
0.4117647058823528,1.3235294117647058,-76785.8203125
0.47058823529411753,1.3235294117647058,-80638.6484375
0.5294117647058822,1.3235294117647058,-84015.5859375
0.588235294117647,1.3235294117647058,-86560.1015625
0.6470588235294117,1.3235294117647058,-88175.4453125
0.7058823529411764,1.3235294117647058,-88804.1953125
0.7647058823529411,1.3235294117647058,-88371.375
0.8235294117647058,1.3235294117647058,-87407.9609375
0.8823529411764706,1.3235294117647058,-86120.5859375
0.9411764705882353,1.3235294117647058,-84699.921875
1.0,1.3235294117647058,-83796.0703125
-1.0,1.3529411764705883,-2024826.25
-0.9411764705882353,1.3529411764705883,-1759791.75
-0.8823529411764706,1.3529411764705883,-1496369.875
-0.8235294117647058,1.3529411764705883,-1238063.5
-0.7647058823529411,1.3529411764705883,-994180.9375
-0.7058823529411764,1.3529411764705883,-774843.5
-0.6470588235294118,1.3529411764705883,-585267.8125
-0.5882352941176471,1.3529411764705883,-429623.375
-0.5294117647058824,1.3529411764705883,-308374.9375
-0.47058823529411764,1.3529411764705883,-218980.703125
-0.4117647058823529,1.3529411764705883,-156702.0
-0.3529411764705882,1.3529411764705883,-114584.3984375
-0.2941176470588236,1.3529411764705883,-87492.3046875
-0.23529411764705888,1.3529411764705883,-71203.5546875
-0.17647058823529416,1.3529411764705883,-61929.94140625
-0.11764705882352944,1.3529411764705883,-57443.55859375
-0.05882352941176472,1.3529411764705883,-55927.52734375
0.0,1.3529411764705883,-56074.99609375
0.05882352941176472,1.3529411764705883,-57167.8828125
0.11764705882352944,1.3529411764705883,-58850.44921875
0.17647058823529416,1.3529411764705883,-61019.32421875
0.23529411764705888,1.3529411764705883,-63697.40625
0.2941176470588236,1.3529411764705883,-66920.1953125
0.3529411764705883,1.3529411764705883,-70656.703125
0.4117647058823528,1.3529411764705883,-74650.2734375
0.47058823529411753,1.3529411764705883,-78705.15625
0.5294117647058822,1.3529411764705883,-82281.734375
0.588235294117647,1.3529411764705883,-85004.359375
0.6470588235294117,1.3529411764705883,-86815.25
0.7058823529411764,1.3529411764705883,-87527.59375
0.7647058823529411,1.3529411764705883,-87456.3828125
0.8235294117647058,1.3529411764705883,-86851.90625
0.8823529411764706,1.3529411764705883,-85839.6328125
0.9411764705882353,1.3529411764705883,-84807.7265625
1.0,1.3529411764705883,-84111.421875
-1.0,1.3823529411764706,-1979342.25
-0.9411764705882353,1.3823529411764706,-1729196.625
-0.8823529411764706,1.3823529411764706,-1476488.875
-0.8235294117647058,1.3823529411764706,-1228491.625
-0.7647058823529411,1.3823529411764706,-994437.125
-0.7058823529411764,1.3823529411764706,-780221.875
-0.6470588235294118,1.3823529411764706,-592273.4375
-0.5882352941176471,1.3823529411764706,-436405.5625
-0.5294117647058824,1.3823529411764706,-316088.5625
-0.47058823529411764,1.3823529411764706,-225562.734375
-0.4117647058823529,1.3823529411764706,-161311.609375
-0.3529411764705882,1.3823529411764706,-117402.5625
-0.2941176470588236,1.3823529411764706,-89315.3359375
-0.23529411764705888,1.3823529411764706,-72450.2421875
-0.17647058823529416,1.3823529411764706,-63443.3515625
-0.11764705882352944,1.3823529411764706,-59556.84375
-0.05882352941176472,1.3823529411764706,-58550.36328125
0.0,1.3823529411764706,-59070.47265625
0.05882352941176472,1.3823529411764706,-60381.58203125
0.11764705882352944,1.3823529411764706,-62116.91796875
0.17647058823529416,1.3823529411764706,-64161.96484375
0.23529411764705888,1.3823529411764706,-66499.6640625
0.2941176470588236,1.3823529411764706,-69189.875
0.3529411764705883,1.3823529411764706,-72103.625
0.4117647058823528,1.3823529411764706,-75149.3984375
0.47058823529411753,1.3823529411764706,-78029.5859375
0.5294117647058822,1.3823529411764706,-80509.7109375
0.588235294117647,1.3823529411764706,-82262.3125
0.6470588235294117,1.3823529411764706,-83245.0078125
0.7058823529411764,1.3823529411764706,-83571.296875
0.7647058823529411,1.3823529411764706,-83360.3515625
0.8235294117647058,1.3823529411764706,-82767.421875
0.8823529411764706,1.3823529411764706,-82162.0859375
0.9411764705882353,1.3823529411764706,-81466.8828125
1.0,1.3823529411764706,-81058.8828125
-1.0,1.4117647058823528,-1954796.375
-0.9411764705882353,1.4117647058823528,-1706029.25
-0.8823529411764706,1.4117647058823528,-1455147.5
-0.8235294117647058,1.4117647058823528,-1210567.125
-0.7647058823529411,1.4117647058823528,-978600.5
-0.7058823529411764,1.4117647058823528,-768165.75
-0.6470588235294118,1.4117647058823528,-585637.0
-0.5882352941176471,1.4117647058823528,-434816.34375
-0.5294117647058824,1.4117647058823528,-315733.375
-0.47058823529411764,1.4117647058823528,-225435.953125
-0.4117647058823529,1.4117647058823528,-161327.0
-0.3529411764705882,1.4117647058823528,-117783.8984375
-0.2941176470588236,1.4117647058823528,-89607.2421875
-0.23529411764705888,1.4117647058823528,-72972.8203125
-0.17647058823529416,1.4117647058823528,-63871.73046875
-0.11764705882352944,1.4117647058823528,-59674.7578125
-0.05882352941176472,1.4117647058823528,-58510.05859375
0.0,1.4117647058823528,-58868.46484375
0.05882352941176472,1.4117647058823528,-60069.05078125
0.11764705882352944,1.4117647058823528,-61694.69921875
0.17647058823529416,1.4117647058823528,-63639.34765625
0.23529411764705888,1.4117647058823528,-65972.75
0.2941176470588236,1.4117647058823528,-68765.6953125
0.3529411764705883,1.4117647058823528,-71897.5
0.4117647058823528,1.4117647058823528,-75178.7421875
0.47058823529411753,1.4117647058823528,-78402.9375
0.5294117647058822,1.4117647058823528,-81181.1484375
0.588235294117647,1.4117647058823528,-83226.515625
0.6470588235294117,1.4117647058823528,-84438.2265625
0.7058823529411764,1.4117647058823528,-84741.4765625
0.7647058823529411,1.4117647058823528,-84388.5
0.8235294117647058,1.4117647058823528,-83736.6875
0.8823529411764706,1.4117647058823528,-83056.140625
0.9411764705882353,1.4117647058823528,-82675.4453125
1.0,1.4117647058823528,-82960.078125
-1.0,1.4411764705882353,-1962136.25
-0.9411764705882353,1.4411764705882353,-1712073.625
-0.8823529411764706,1.4411764705882353,-1458655.875
-0.8235294117647058,1.4411764705882353,-1212372.25
-0.7647058823529411,1.4411764705882353,-981036.375
-0.7058823529411764,1.4411764705882353,-771759.1875
-0.6470588235294118,1.4411764705882353,-589415.9375
-0.5882352941176471,1.4411764705882353,-439040.3125
-0.5294117647058824,1.4411764705882353,-320589.53125
-0.47058823529411764,1.4411764705882353,-230457.5
-0.4117647058823529,1.4411764705882353,-166019.390625
-0.3529411764705882,1.4411764705882353,-121975.890625
-0.2941176470588236,1.4411764705882353,-93625.625
-0.23529411764705888,1.4411764705882353,-76201.7890625
-0.17647058823529416,1.4411764705882353,-66337.265625
-0.11764705882352944,1.4411764705882353,-61381.015625
-0.05882352941176472,1.4411764705882353,-59427.984375
0.0,1.4411764705882353,-59364.33984375
0.05882352941176472,1.4411764705882353,-60349.06640625
0.11764705882352944,1.4411764705882353,-62005.68359375
0.17647058823529416,1.4411764705882353,-64137.37109375
0.23529411764705888,1.4411764705882353,-66670.828125
0.2941176470588236,1.4411764705882353,-69569.0
0.3529411764705883,1.4411764705882353,-72677.3359375
0.4117647058823528,1.4411764705882353,-75753.84375
0.47058823529411753,1.4411764705882353,-78545.3359375
0.5294117647058822,1.4411764705882353,-80801.640625
0.588235294117647,1.4411764705882353,-82073.0390625
0.6470588235294117,1.4411764705882353,-82548.6796875
0.7058823529411764,1.4411764705882353,-82363.3046875
0.7647058823529411,1.4411764705882353,-81850.2109375
0.8235294117647058,1.4411764705882353,-81204.765625
0.8823529411764706,1.4411764705882353,-80642.625
0.9411764705882353,1.4411764705882353,-80433.7734375
1.0,1.4411764705882353,-80871.0234375
-1.0,1.4705882352941178,-1998549.125
-0.9411764705882353,1.4705882352941178,-1751428.0
-0.8823529411764706,1.4705882352941178,-1500269.125
-0.8235294117647058,1.4705882352941178,-1252462.0
-0.7647058823529411,1.4705882352941178,-1015871.1875
-0.7058823529411764,1.4705882352941178,-800554.125
-0.6470588235294118,1.4705882352941178,-613364.3125
-0.5882352941176471,1.4705882352941178,-461562.28125
-0.5294117647058824,1.4705882352941178,-340590.21875
-0.47058823529411764,1.4705882352941178,-247334.296875
-0.4117647058823529,1.4705882352941178,-179994.734375
-0.3529411764705882,1.4705882352941178,-132727.65625
-0.2941176470588236,1.4705882352941178,-102012.046875
-0.23529411764705888,1.4705882352941178,-82852.4921875
-0.17647058823529416,1.4705882352941178,-71710.0390625
-0.11764705882352944,1.4705882352941178,-65764.40625
-0.05882352941176472,1.4705882352941178,-63151.9921875
0.0,1.4705882352941178,-62587.55078125
0.05882352941176472,1.4705882352941178,-63001.05859375
0.11764705882352944,1.4705882352941178,-64020.29296875
0.17647058823529416,1.4705882352941178,-65556.859375
0.23529411764705888,1.4705882352941178,-67552.265625
0.2941176470588236,1.4705882352941178,-70028.9609375
0.3529411764705883,1.4705882352941178,-72853.546875
0.4117647058823528,1.4705882352941178,-75920.890625
0.47058823529411753,1.4705882352941178,-78864.765625
0.5294117647058822,1.4705882352941178,-81493.7421875
0.588235294117647,1.4705882352941178,-83349.2109375
0.6470588235294117,1.4705882352941178,-84491.359375
0.7058823529411764,1.4705882352941178,-84918.1640625
0.7647058823529411,1.4705882352941178,-84799.5859375
0.8235294117647058,1.4705882352941178,-84490.734375
0.8823529411764706,1.4705882352941178,-84213.84375
0.9411764705882353,1.4705882352941178,-84281.0546875
1.0,1.4705882352941178,-84883.34375
-1.0,1.5,-1966620.0
-0.9411764705882353,1.5,-1724755.625
-0.8823529411764706,1.5,-1477745.125
-0.8235294117647058,1.5,-1235533.125
-0.7647058823529411,1.5,-1004806.0
-0.7058823529411764,1.5,-795193.0625
-0.6470588235294118,1.5,-612549.0
-0.5882352941176471,1.5,-461306.65625
-0.5294117647058824,1.5,-340493.4375
-0.47058823529411764,1.5,-248351.0625
-0.4117647058823529,1.5,-182563.625
-0.3529411764705882,1.5,-136066.0
-0.2941176470588236,1.5,-104493.9765625
-0.23529411764705888,1.5,-84548.3359375
-0.17647058823529416,1.5,-72817.59375
-0.11764705882352944,1.5,-66459.796875
-0.05882352941176472,1.5,-63791.52734375
0.0,1.5,-63054.453125
0.05882352941176472,1.5,-63456.87890625
0.11764705882352944,1.5,-64617.2734375
0.17647058823529416,1.5,-66246.4296875
0.23529411764705888,1.5,-68239.6484375
0.2941176470588236,1.5,-70611.4375
0.3529411764705883,1.5,-73441.6015625
0.4117647058823528,1.5,-76567.328125
0.47058823529411753,1.5,-79796.2109375
0.5294117647058822,1.5,-82685.46875
0.588235294117647,1.5,-85036.5546875
0.6470588235294117,1.5,-86674.0078125
0.7058823529411764,1.5,-87471.140625
0.7647058823529411,1.5,-87696.234375
0.8235294117647058,1.5,-87588.3828125
0.8823529411764706,1.5,-87215.5625
0.9411764705882353,1.5,-87126.4609375
1.0,1.5,-87517.7890625
-1.0,1.5294117647058822,-1934882.25
-0.9411764705882353,1.5294117647058822,-1699516.0
-0.8823529411764706,1.5294117647058822,-1459776.625
-0.8235294117647058,1.5294117647058822,-1224860.875
-0.7647058823529411,1.5294117647058822,-1002050.6875
-0.7058823529411764,1.5294117647058822,-796228.5625
-0.6470588235294118,1.5294117647058822,-615356.125
-0.5882352941176471,1.5294117647058822,-463947.90625
-0.5294117647058824,1.5294117647058822,-342170.40625
-0.47058823529411764,1.5294117647058822,-249009.53125
-0.4117647058823529,1.5294117647058822,-181276.734375
-0.3529411764705882,1.5294117647058822,-134587.5625
-0.2941176470588236,1.5294117647058822,-103589.75
-0.23529411764705888,1.5294117647058822,-84142.046875
-0.17647058823529416,1.5294117647058822,-73010.0703125
-0.11764705882352944,1.5294117647058822,-67002.3046875
-0.05882352941176472,1.5294117647058822,-64467.65234375
0.0,1.5294117647058822,-63964.89453125
0.05882352941176472,1.5294117647058822,-64691.19140625
0.11764705882352944,1.5294117647058822,-66256.3515625
0.17647058823529416,1.5294117647058822,-68371.328125
0.23529411764705888,1.5294117647058822,-70912.3046875
0.2941176470588236,1.5294117647058822,-73911.84375
0.3529411764705883,1.5294117647058822,-77389.078125
0.4117647058823528,1.5294117647058822,-81228.265625
0.47058823529411753,1.5294117647058822,-85130.359375
0.5294117647058822,1.5294117647058822,-88808.6796875
0.588235294117647,1.5294117647058822,-91872.96875
0.6470588235294117,1.5294117647058822,-94142.2578125
0.7058823529411764,1.5294117647058822,-95407.0078125
0.7647058823529411,1.5294117647058822,-95752.625
0.8235294117647058,1.5294117647058822,-95259.2734375
0.8823529411764706,1.5294117647058822,-94827.5703125
0.9411764705882353,1.5294117647058822,-94730.0390625
1.0,1.5294117647058822,-95132.421875
-1.0,1.5588235294117647,-1972437.125
-0.9411764705882353,1.5588235294117647,-1728824.75
-0.8823529411764706,1.5588235294117647,-1481592.625
-0.8235294117647058,1.5588235294117647,-1238955.25
-0.7647058823529411,1.5588235294117647,-1008971.25
-0.7058823529411764,1.5588235294117647,-799147.125
-0.6470588235294118,1.5588235294117647,-616927.5625
-0.5882352941176471,1.5588235294117647,-464395.28125
-0.5294117647058824,1.5588235294117647,-341424.71875
-0.47058823529411764,1.5588235294117647,-248488.078125
-0.4117647058823529,1.5588235294117647,-182443.59375
-0.3529411764705882,1.5588235294117647,-136860.671875
-0.2941176470588236,1.5588235294117647,-106749.734375
-0.23529411764705888,1.5588235294117647,-87534.828125
-0.17647058823529416,1.5588235294117647,-76084.8515625
-0.11764705882352944,1.5588235294117647,-69694.8203125
-0.05882352941176472,1.5588235294117647,-66524.828125
0.0,1.5588235294117647,-65289.640625
0.05882352941176472,1.5588235294117647,-65267.37109375
0.11764705882352944,1.5588235294117647,-66052.1328125
0.17647058823529416,1.5588235294117647,-67442.84375
0.23529411764705888,1.5588235294117647,-69363.4296875
0.2941176470588236,1.5588235294117647,-71915.9375
0.3529411764705883,1.5588235294117647,-75145.96875
0.4117647058823528,1.5588235294117647,-78841.0234375
0.47058823529411753,1.5588235294117647,-82871.9609375
0.5294117647058822,1.5588235294117647,-86713.609375
0.588235294117647,1.5588235294117647,-90078.2109375
0.6470588235294117,1.5588235294117647,-92775.4140625
0.7058823529411764,1.5588235294117647,-94293.3828125
0.7647058823529411,1.5588235294117647,-94734.75
0.8235294117647058,1.5588235294117647,-94207.5859375
0.8823529411764706,1.5588235294117647,-93120.234375
0.9411764705882353,1.5588235294117647,-91961.84375
1.0,1.5588235294117647,-91034.5859375
-1.0,1.5882352941176472,-1994021.375
-0.9411764705882353,1.5882352941176472,-1745316.125
-0.8823529411764706,1.5882352941176472,-1494873.125
-0.8235294117647058,1.5882352941176472,-1251291.375
-0.7647058823529411,1.5882352941176472,-1020998.0
-0.7058823529411764,1.5882352941176472,-809589.125
-0.6470588235294118,1.5882352941176472,-623287.6875
-0.5882352941176471,1.5882352941176472,-470126.59375
-0.5294117647058824,1.5882352941176472,-347299.75
-0.47058823529411764,1.5882352941176472,-254810.71875
-0.4117647058823529,1.5882352941176472,-188605.859375
-0.3529411764705882,1.5882352941176472,-142422.265625
-0.2941176470588236,1.5882352941176472,-111853.4765625
-0.23529411764705888,1.5882352941176472,-92095.5546875
-0.17647058823529416,1.5882352941176472,-80195.359375
-0.11764705882352944,1.5882352941176472,-73398.0078125
-0.05882352941176472,1.5882352941176472,-69971.5859375
0.0,1.5882352941176472,-68338.2890625
0.05882352941176472,1.5882352941176472,-67805.1328125
0.11764705882352944,1.5882352941176472,-68039.390625
0.17647058823529416,1.5882352941176472,-68901.7890625
0.23529411764705888,1.5882352941176472,-70218.46875
0.2941176470588236,1.5882352941176472,-72049.9140625
0.3529411764705883,1.5882352941176472,-74600.6953125
0.4117647058823528,1.5882352941176472,-77910.359375
0.47058823529411753,1.5882352941176472,-81901.8515625
0.5294117647058822,1.5882352941176472,-86181.4921875
0.588235294117647,1.5882352941176472,-90174.1171875
0.6470588235294117,1.5882352941176472,-93568.8046875
0.7058823529411764,1.5882352941176472,-96185.34375
0.7647058823529411,1.5882352941176472,-97790.109375
0.8235294117647058,1.5882352941176472,-98340.6015625
0.8823529411764706,1.5882352941176472,-98304.21875
0.9411764705882353,1.5882352941176472,-98053.7109375
1.0,1.5882352941176472,-97836.2265625
-1.0,1.6176470588235294,-1983150.875
-0.9411764705882353,1.6176470588235294,-1737819.375
-0.8823529411764706,1.6176470588235294,-1490846.75
-0.8235294117647058,1.6176470588235294,-1251235.125
-0.7647058823529411,1.6176470588235294,-1023817.875
-0.7058823529411764,1.6176470588235294,-815137.9375
-0.6470588235294118,1.6176470588235294,-633998.5
-0.5882352941176471,1.6176470588235294,-480716.71875
-0.5294117647058824,1.6176470588235294,-358774.375
-0.47058823529411764,1.6176470588235294,-266025.25
-0.4117647058823529,1.6176470588235294,-197875.65625
-0.3529411764705882,1.6176470588235294,-149797.96875
-0.2941176470588236,1.6176470588235294,-117784.2734375
-0.23529411764705888,1.6176470588235294,-97114.578125
-0.17647058823529416,1.6176470588235294,-84000.109375
-0.11764705882352944,1.6176470588235294,-75931.859375
-0.05882352941176472,1.6176470588235294,-71134.390625
0.0,1.6176470588235294,-68510.6484375
0.05882352941176472,1.6176470588235294,-67176.1328125
0.11764705882352944,1.6176470588235294,-66701.28125
0.17647058823529416,1.6176470588235294,-66879.46875
0.23529411764705888,1.6176470588235294,-67707.265625
0.2941176470588236,1.6176470588235294,-69253.3671875
0.3529411764705883,1.6176470588235294,-71457.9296875
0.4117647058823528,1.6176470588235294,-74349.3515625
0.47058823529411753,1.6176470588235294,-78124.4375
0.5294117647058822,1.6176470588235294,-82433.125
0.588235294117647,1.6176470588235294,-87034.78125
0.6470588235294117,1.6176470588235294,-91466.1015625
0.7058823529411764,1.6176470588235294,-95418.4609375
0.7647058823529411,1.6176470588235294,-98744.28125
0.8235294117647058,1.6176470588235294,-101486.65625
0.8823529411764706,1.6176470588235294,-103543.578125
0.9411764705882353,1.6176470588235294,-104859.234375
1.0,1.6176470588235294,-105220.4609375
-1.0,1.6470588235294117,-2027495.25
-0.9411764705882353,1.6470588235294117,-1775079.5
-0.8823529411764706,1.6470588235294117,-1521174.0
-0.8235294117647058,1.6470588235294117,-1272130.0
-0.7647058823529411,1.6470588235294117,-1040197.125
-0.7058823529411764,1.6470588235294117,-825982.375
-0.6470588235294118,1.6470588235294117,-639552.625
-0.5882352941176471,1.6470588235294117,-484183.71875
-0.5294117647058824,1.6470588235294117,-361303.0625
-0.47058823529411764,1.6470588235294117,-268140.78125
-0.4117647058823529,1.6470588235294117,-200867.546875
-0.3529411764705882,1.6470588235294117,-153325.5625
-0.2941176470588236,1.6470588235294117,-120901.6171875
-0.23529411764705888,1.6470588235294117,-99964.21875
-0.17647058823529416,1.6470588235294117,-86734.7890625
-0.11764705882352944,1.6470588235294117,-78654.234375
-0.05882352941176472,1.6470588235294117,-74019.9921875
0.0,1.6470588235294117,-71597.9375
0.05882352941176472,1.6470588235294117,-70509.4296875
0.11764705882352944,1.6470588235294117,-70320.1640625
0.17647058823529416,1.6470588235294117,-70677.875
0.23529411764705888,1.6470588235294117,-71605.7421875
0.2941176470588236,1.6470588235294117,-73134.0625
0.3529411764705883,1.6470588235294117,-75378.3046875
0.4117647058823528,1.6470588235294117,-78438.71875
0.47058823529411753,1.6470588235294117,-82155.6484375
0.5294117647058822,1.6470588235294117,-86338.359375
0.588235294117647,1.6470588235294117,-90791.9375
0.6470588235294117,1.6470588235294117,-95172.53125
0.7058823529411764,1.6470588235294117,-99326.796875
0.7647058823529411,1.6470588235294117,-103046.984375
0.8235294117647058,1.6470588235294117,-106002.3984375
0.8823529411764706,1.6470588235294117,-108062.2109375
0.9411764705882353,1.6470588235294117,-109508.9609375
1.0,1.6470588235294117,-110588.046875
-1.0,1.6764705882352942,-2079041.75
-0.9411764705882353,1.6764705882352942,-1820699.75
-0.8823529411764706,1.6764705882352942,-1560718.0
-0.8235294117647058,1.6764705882352942,-1306707.5
-0.7647058823529411,1.6764705882352942,-1067782.375
-0.7058823529411764,1.6764705882352942,-853341.75
-0.6470588235294118,1.6764705882352942,-664606.75
-0.5882352941176471,1.6764705882352942,-506935.03125
-0.5294117647058824,1.6764705882352942,-380812.53125
-0.47058823529411764,1.6764705882352942,-285011.96875
-0.4117647058823529,1.6764705882352942,-214055.515625
-0.3529411764705882,1.6764705882352942,-163409.625
-0.2941176470588236,1.6764705882352942,-128250.625
-0.23529411764705888,1.6764705882352942,-104983.71875
-0.17647058823529416,1.6764705882352942,-89938.8515625
-0.11764705882352944,1.6764705882352942,-80308.6796875
-0.05882352941176472,1.6764705882352942,-74495.703125
0.0,1.6764705882352942,-71198.6328125
0.05882352941176472,1.6764705882352942,-69729.1484375
0.11764705882352944,1.6764705882352942,-69399.9375
0.17647058823529416,1.6764705882352942,-69910.34375
0.23529411764705888,1.6764705882352942,-71076.4296875
0.2941176470588236,1.6764705882352942,-72798.0703125
0.3529411764705883,1.6764705882352942,-75053.5859375
0.4117647058823528,1.6764705882352942,-77782.2421875
0.47058823529411753,1.6764705882352942,-81053.3359375
0.5294117647058822,1.6764705882352942,-84485.3515625
0.588235294117647,1.6764705882352942,-87831.921875
0.6470588235294117,1.6764705882352942,-90925.7890625
0.7058823529411764,1.6764705882352942,-93397.90625
0.7647058823529411,1.6764705882352942,-95264.4921875
0.8235294117647058,1.6764705882352942,-96571.1484375
0.8823529411764706,1.6764705882352942,-97332.8671875
0.9411764705882353,1.6764705882352942,-97455.21875
1.0,1.6764705882352942,-97421.3671875
-1.0,1.7058823529411764,-2093190.625
-0.9411764705882353,1.7058823529411764,-1835328.375
-0.8823529411764706,1.7058823529411764,-1575445.625
-0.8235294117647058,1.7058823529411764,-1323516.0
-0.7647058823529411,1.7058823529411764,-1085967.0
-0.7058823529411764,1.7058823529411764,-868661.25
-0.6470588235294118,1.7058823529411764,-679354.5
-0.5882352941176471,1.7058823529411764,-519566.90625
-0.5294117647058824,1.7058823529411764,-390920.65625
-0.47058823529411764,1.7058823529411764,-292306.5625
-0.4117647058823529,1.7058823529411764,-219682.546875
-0.3529411764705882,1.7058823529411764,-167966.46875
-0.2941176470588236,1.7058823529411764,-132260.453125
-0.23529411764705888,1.7058823529411764,-108273.734375
-0.17647058823529416,1.7058823529411764,-92787.828125
-0.11764705882352944,1.7058823529411764,-83255.421875
-0.05882352941176472,1.7058823529411764,-77533.03125
0.0,1.7058823529411764,-74469.265625
0.05882352941176472,1.7058823529411764,-72940.640625
0.11764705882352944,1.7058823529411764,-72605.265625
0.17647058823529416,1.7058823529411764,-73352.1796875
0.23529411764705888,1.7058823529411764,-74623.078125
0.2941176470588236,1.7058823529411764,-76434.0
0.3529411764705883,1.7058823529411764,-78743.5234375
0.4117647058823528,1.7058823529411764,-81540.265625
0.47058823529411753,1.7058823529411764,-84716.109375
0.5294117647058822,1.7058823529411764,-87886.0625
0.588235294117647,1.7058823529411764,-90971.2890625
0.6470588235294117,1.7058823529411764,-93723.0546875
0.7058823529411764,1.7058823529411764,-96044.8125
0.7647058823529411,1.7058823529411764,-97840.15625
0.8235294117647058,1.7058823529411764,-99170.765625
0.8823529411764706,1.7058823529411764,-100257.71875
0.9411764705882353,1.7058823529411764,-100993.6953125
1.0,1.7058823529411764,-101180.1015625
-1.0,1.7352941176470589,-2060564.75
-0.9411764705882353,1.7352941176470589,-1808132.375
-0.8823529411764706,1.7352941176470589,-1553652.625
-0.8235294117647058,1.7352941176470589,-1304465.25
-0.7647058823529411,1.7352941176470589,-1068354.75
-0.7058823529411764,1.7352941176470589,-855370.5625
-0.6470588235294118,1.7352941176470589,-669477.5
-0.5882352941176471,1.7352941176470589,-513635.78125
-0.5294117647058824,1.7352941176470589,-387074.59375
-0.47058823529411764,1.7352941176470589,-288649.90625
-0.4117647058823529,1.7352941176470589,-215144.640625
-0.3529411764705882,1.7352941176470589,-162901.15625
-0.2941176470588236,1.7352941176470589,-127245.1015625
-0.23529411764705888,1.7352941176470589,-103571.9765625
-0.17647058823529416,1.7352941176470589,-88422.4453125
-0.11764705882352944,1.7352941176470589,-79136.96875
-0.05882352941176472,1.7352941176470589,-73914.7421875
0.0,1.7352941176470589,-70991.328125
0.05882352941176472,1.7352941176470589,-69622.140625
0.11764705882352944,1.7352941176470589,-69274.96875
0.17647058823529416,1.7352941176470589,-69631.5703125
0.23529411764705888,1.7352941176470589,-70422.1796875
0.2941176470588236,1.7352941176470589,-71722.53125
0.3529411764705883,1.7352941176470589,-73630.0546875
0.4117647058823528,1.7352941176470589,-76147.3984375
0.47058823529411753,1.7352941176470589,-79167.140625
0.5294117647058822,1.7352941176470589,-82459.78125
0.588235294117647,1.7352941176470589,-85856.140625
0.6470588235294117,1.7352941176470589,-89121.296875
0.7058823529411764,1.7352941176470589,-91881.9140625
0.7647058823529411,1.7352941176470589,-94001.3671875
0.8235294117647058,1.7352941176470589,-95413.4296875
0.8823529411764706,1.7352941176470589,-96129.2578125
0.9411764705882353,1.7352941176470589,-96379.890625
1.0,1.7352941176470589,-96313.9765625
-1.0,1.7647058823529411,-2111128.5
-0.9411764705882353,1.7647058823529411,-1854290.0
-0.8823529411764706,1.7647058823529411,-1595153.25
-0.8235294117647058,1.7647058823529411,-1341837.25
-0.7647058823529411,1.7647058823529411,-1102606.625
-0.7058823529411764,1.7647058823529411,-883925.1875
-0.6470588235294118,1.7647058823529411,-692793.8125
-0.5882352941176471,1.7647058823529411,-531793.0
-0.5294117647058824,1.7647058823529411,-400234.625
-0.47058823529411764,1.7647058823529411,-297913.96875
-0.4117647058823529,1.7647058823529411,-222204.234375
-0.3529411764705882,1.7647058823529411,-168296.90625
-0.2941176470588236,1.7647058823529411,-131401.578125
-0.23529411764705888,1.7647058823529411,-106844.8828125
-0.17647058823529416,1.7647058823529411,-91441.671875
-0.11764705882352944,1.7647058823529411,-82028.21875
-0.05882352941176472,1.7647058823529411,-76585.375
0.0,1.7647058823529411,-73777.2578125
0.05882352941176472,1.7647058823529411,-72624.3359375
0.11764705882352944,1.7647058823529411,-72371.1328125
0.17647058823529416,1.7647058823529411,-72646.171875
0.23529411764705888,1.7647058823529411,-73388.8125
0.2941176470588236,1.7647058823529411,-74655.171875
0.3529411764705883,1.7647058823529411,-76478.5
0.4117647058823528,1.7647058823529411,-78539.265625
0.47058823529411753,1.7647058823529411,-81080.1875
0.5294117647058822,1.7647058823529411,-83900.0859375
0.588235294117647,1.7647058823529411,-86867.2578125
0.6470588235294117,1.7647058823529411,-89753.671875
0.7058823529411764,1.7647058823529411,-92254.859375
0.7647058823529411,1.7647058823529411,-94272.4140625
0.8235294117647058,1.7647058823529411,-95311.046875
0.8823529411764706,1.7647058823529411,-95372.2109375
0.9411764705882353,1.7647058823529411,-94527.1953125
1.0,1.7647058823529411,-93099.2578125
-1.0,1.7941176470588234,-2116324.5
-0.9411764705882353,1.7941176470588234,-1862622.125
-0.8823529411764706,1.7941176470588234,-1606409.5
-0.8235294117647058,1.7941176470588234,-1355076.0
-0.7647058823529411,1.7941176470588234,-1117307.5
-0.7058823529411764,1.7941176470588234,-900168.5625
-0.6470588235294118,1.7941176470588234,-708352.4375
-0.5882352941176471,1.7941176470588234,-545801.0
-0.5294117647058824,1.7941176470588234,-413811.90625
-0.47058823529411764,1.7941176470588234,-311469.78125
-0.4117647058823529,1.7941176470588234,-233471.984375
-0.3529411764705882,1.7941176470588234,-177617.53125
-0.2941176470588236,1.7941176470588234,-139209.625
-0.23529411764705888,1.7941176470588234,-113897.8671875
-0.17647058823529416,1.7941176470588234,-97726.0703125
-0.11764705882352944,1.7941176470588234,-88090.984375
-0.05882352941176472,1.7941176470588234,-82689.15625
0.0,1.7941176470588234,-79953.625
0.05882352941176472,1.7941176470588234,-78885.59375
0.11764705882352944,1.7941176470588234,-78747.828125
0.17647058823529416,1.7941176470588234,-79153.6953125
0.23529411764705888,1.7941176470588234,-79986.7734375
0.2941176470588236,1.7941176470588234,-81240.2578125
0.3529411764705883,1.7941176470588234,-83091.828125
0.4117647058823528,1.7941176470588234,-85540.8671875
0.47058823529411753,1.7941176470588234,-88497.3203125
0.5294117647058822,1.7941176470588234,-91999.203125
0.588235294117647,1.7941176470588234,-95681.6484375
0.6470588235294117,1.7941176470588234,-99208.453125
0.7058823529411764,1.7941176470588234,-102254.6796875
0.7647058823529411,1.7941176470588234,-104756.2578125
0.8235294117647058,1.7941176470588234,-106314.5078125
0.8823529411764706,1.7941176470588234,-106654.1796875
0.9411764705882353,1.7941176470588234,-105697.6875
1.0,1.7941176470588234,-103921.4765625
-1.0,1.8235294117647058,-2162520.0
-0.9411764705882353,1.8235294117647058,-1908386.375
-0.8823529411764706,1.8235294117647058,-1649459.375
-0.8235294117647058,1.8235294117647058,-1393699.0
-0.7647058823529411,1.8235294117647058,-1149344.0
-0.7058823529411764,1.8235294117647058,-923611.3125
-0.6470588235294118,1.8235294117647058,-723503.875
-0.5882352941176471,1.8235294117647058,-553550.5625
-0.5294117647058824,1.8235294117647058,-416198.59375
-0.47058823529411764,1.8235294117647058,-310103.15625
-0.4117647058823529,1.8235294117647058,-231908.140625
-0.3529411764705882,1.8235294117647058,-175821.734375
-0.2941176470588236,1.8235294117647058,-137667.734375
-0.23529411764705888,1.8235294117647058,-112603.890625
-0.17647058823529416,1.8235294117647058,-96731.3984375
-0.11764705882352944,1.8235294117647058,-87167.9296875
-0.05882352941176472,1.8235294117647058,-82220.0703125
0.0,1.8235294117647058,-79848.125
0.05882352941176472,1.8235294117647058,-78844.0078125
0.11764705882352944,1.8235294117647058,-78746.0703125
0.17647058823529416,1.8235294117647058,-79255.7890625
0.23529411764705888,1.8235294117647058,-80206.0859375
0.2941176470588236,1.8235294117647058,-81517.9921875
0.3529411764705883,1.8235294117647058,-83324.890625
0.4117647058823528,1.8235294117647058,-85686.53125
0.47058823529411753,1.8235294117647058,-88505.3203125
0.5294117647058822,1.8235294117647058,-91628.921875
0.588235294117647,1.8235294117647058,-94771.0625
0.6470588235294117,1.8235294117647058,-97599.9375
0.7058823529411764,1.8235294117647058,-99985.859375
0.7647058823529411,1.8235294117647058,-101590.546875
0.8235294117647058,1.8235294117647058,-102322.3984375
0.8823529411764706,1.8235294117647058,-101952.53125
0.9411764705882353,1.8235294117647058,-100826.0390625
1.0,1.8235294117647058,-99308.2421875
-1.0,1.8529411764705883,-2126006.0
-0.9411764705882353,1.8529411764705883,-1876138.75
-0.8823529411764706,1.8529411764705883,-1620477.625
-0.8235294117647058,1.8529411764705883,-1367832.25
-0.7647058823529411,1.8529411764705883,-1128041.0
-0.7058823529411764,1.8529411764705883,-907026.5
-0.6470588235294118,1.8529411764705883,-710634.75
-0.5882352941176471,1.8529411764705883,-545417.125
-0.5294117647058824,1.8529411764705883,-413539.15625
-0.47058823529411764,1.8529411764705883,-310887.40625
-0.4117647058823529,1.8529411764705883,-233377.078125
-0.3529411764705882,1.8529411764705883,-177900.75
-0.2941176470588236,1.8529411764705883,-139211.203125
-0.23529411764705888,1.8529411764705883,-113662.2265625
-0.17647058823529416,1.8529411764705883,-97368.5546875
-0.11764705882352944,1.8529411764705883,-87591.640625
-0.05882352941176472,1.8529411764705883,-82337.3671875
0.0,1.8529411764705883,-79686.2734375
0.05882352941176472,1.8529411764705883,-78643.2734375
0.11764705882352944,1.8529411764705883,-78615.125
0.17647058823529416,1.8529411764705883,-79206.3046875
0.23529411764705888,1.8529411764705883,-80421.53125
0.2941176470588236,1.8529411764705883,-82257.5546875
0.3529411764705883,1.8529411764705883,-84714.2890625
0.4117647058823528,1.8529411764705883,-87552.6484375
0.47058823529411753,1.8529411764705883,-90459.453125
0.5294117647058822,1.8529411764705883,-93321.6484375
0.588235294117647,1.8529411764705883,-95611.6171875
0.6470588235294117,1.8529411764705883,-97237.9453125
0.7058823529411764,1.8529411764705883,-97992.9609375
0.7647058823529411,1.8529411764705883,-97908.2421875
0.8235294117647058,1.8529411764705883,-97334.859375
0.8823529411764706,1.8529411764705883,-96389.3359375
0.9411764705882353,1.8529411764705883,-95167.7265625
1.0,1.8529411764705883,-93975.65625
-1.0,1.8823529411764706,-2172620.0
-0.9411764705882353,1.8823529411764706,-1920986.75
-0.8823529411764706,1.8823529411764706,-1662844.125
-0.8235294117647058,1.8823529411764706,-1406284.125
-0.7647058823529411,1.8823529411764706,-1162871.25
-0.7058823529411764,1.8823529411764706,-939067.25
-0.6470588235294118,1.8823529411764706,-742483.0
-0.5882352941176471,1.8823529411764706,-577181.0
-0.5294117647058824,1.8823529411764706,-440139.0625
-0.47058823529411764,1.8823529411764706,-331654.0625
-0.4117647058823529,1.8823529411764706,-250562.03125
-0.3529411764705882,1.8823529411764706,-192559.09375
-0.2941176470588236,1.8823529411764706,-152331.90625
-0.23529411764705888,1.8823529411764706,-125031.6796875
-0.17647058823529416,1.8823529411764706,-107150.3203125
-0.11764705882352944,1.8823529411764706,-96207.875
-0.05882352941176472,1.8823529411764706,-90299.265625
0.0,1.8823529411764706,-87017.125
0.05882352941176472,1.8823529411764706,-85368.6640625
0.11764705882352944,1.8823529411764706,-84742.4453125
0.17647058823529416,1.8823529411764706,-84919.640625
0.23529411764705888,1.8823529411764706,-85765.71875
0.2941176470588236,1.8823529411764706,-87236.3984375
0.3529411764705883,1.8823529411764706,-89370.046875
0.4117647058823528,1.8823529411764706,-92105.296875
0.47058823529411753,1.8823529411764706,-95341.09375
0.5294117647058822,1.8823529411764706,-98652.5
0.588235294117647,1.8823529411764706,-101855.8125
0.6470588235294117,1.8823529411764706,-104728.1484375
0.7058823529411764,1.8823529411764706,-107071.203125
0.7647058823529411,1.8823529411764706,-108639.015625
0.8235294117647058,1.8823529411764706,-109246.6953125
0.8823529411764706,1.8823529411764706,-109248.78125
0.9411764705882353,1.8823529411764706,-108829.6171875
1.0,1.8823529411764706,-108127.234375
-1.0,1.9117647058823528,-2187297.5
-0.9411764705882353,1.9117647058823528,-1939671.125
-0.8823529411764706,1.9117647058823528,-1736060.875
-0.8235294117647058,1.9117647058823528,-1479581.375
-0.7647058823529411,1.9117647058823528,-1234342.0
-0.7058823529411764,1.9117647058823528,-1004909.6875
-0.6470588235294118,1.9117647058823528,-798864.875
-0.5882352941176471,1.9117647058823528,-621252.75
-0.5294117647058824,1.9117647058823528,-473451.15625
-0.47058823529411764,1.9117647058823528,-358110.1875
-0.4117647058823529,1.9117647058823528,-271374.6875
-0.3529411764705882,1.9117647058823528,-209317.421875
-0.2941176470588236,1.9117647058823528,-165668.984375
-0.23529411764705888,1.9117647058823528,-136620.40625
-0.17647058823529416,1.9117647058823528,-119208.4921875
-0.11764705882352944,1.9117647058823528,-108824.7890625
-0.05882352941176472,1.9117647058823528,-102203.578125
0.0,1.9117647058823528,-98220.3828125
0.05882352941176472,1.9117647058823528,-95837.65625
0.11764705882352944,1.9117647058823528,-94532.4765625
0.17647058823529416,1.9117647058823528,-94082.09375
0.23529411764705888,1.9117647058823528,-94185.5390625
0.2941176470588236,1.9117647058823528,-95142.8046875
0.3529411764705883,1.9117647058823528,-96967.1796875
0.4117647058823528,1.9117647058823528,-99623.3671875
0.47058823529411753,1.9117647058823528,-102818.21875
0.5294117647058822,1.9117647058823528,-106020.28125
0.588235294117647,1.9117647058823528,-108921.109375
0.6470588235294117,1.9117647058823528,-111568.75
0.7058823529411764,1.9117647058823528,-113496.9609375
0.7647058823529411,1.9117647058823528,-114296.1328125
0.8235294117647058,1.9117647058823528,-114153.6015625
0.8823529411764706,1.9117647058823528,-113309.9140625
0.9411764705882353,1.9117647058823528,-112008.09375
1.0,1.9117647058823528,-110715.5546875
-1.0,1.9411764705882353,-2200891.75
-0.9411764705882353,1.9411764705882353,-2004637.5
-0.8823529411764706,1.9411764705882353,-1754849.375
-0.8235294117647058,1.9411764705882353,-1505399.125
-0.7647058823529411,1.9411764705882353,-1262374.25
-0.7058823529411764,1.9411764705882353,-1034384.8125
-0.6470588235294118,1.9411764705882353,-827951.4375
-0.5882352941176471,1.9411764705882353,-649047.5
-0.5294117647058824,1.9411764705882353,-497846.03125
-0.47058823529411764,1.9411764705882353,-377031.71875
-0.4117647058823529,1.9411764705882353,-285130.9375
-0.3529411764705882,1.9411764705882353,-219462.953125
-0.2941176470588236,1.9411764705882353,-173676.375
-0.23529411764705888,1.9411764705882353,-142899.1875
-0.17647058823529416,1.9411764705882353,-123803.0703125
-0.11764705882352944,1.9411764705882353,-112680.0078125
-0.05882352941176472,1.9411764705882353,-105899.0390625
0.0,1.9411764705882353,-101843.2890625
0.05882352941176472,1.9411764705882353,-99271.8515625
0.11764705882352944,1.9411764705882353,-97474.171875
0.17647058823529416,1.9411764705882353,-96430.203125
0.23529411764705888,1.9411764705882353,-96254.0234375
0.2941176470588236,1.9411764705882353,-96950.6796875
0.3529411764705883,1.9411764705882353,-98517.4765625
0.4117647058823528,1.9411764705882353,-100976.6796875
0.47058823529411753,1.9411764705882353,-104097.5
0.5294117647058822,1.9411764705882353,-107312.296875
0.588235294117647,1.9411764705882353,-110225.0625
0.6470588235294117,1.9411764705882353,-112594.359375
0.7058823529411764,1.9411764705882353,-114349.46875
0.7647058823529411,1.9411764705882353,-115424.1328125
0.8235294117647058,1.9411764705882353,-115841.015625
0.8823529411764706,1.9411764705882353,-115860.9453125
0.9411764705882353,1.9411764705882353,-115248.921875
1.0,1.9411764705882353,-114885.359375
-1.0,1.9705882352941178,-2263315.25
-0.9411764705882353,1.9705882352941178,-2010613.625
-0.8823529411764706,1.9705882352941178,-1752040.125
-0.8235294117647058,1.9705882352941178,-1494363.75
-0.7647058823529411,1.9705882352941178,-1243322.375
-0.7058823529411764,1.9705882352941178,-1008083.5
-0.6470588235294118,1.9705882352941178,-796829.0
-0.5882352941176471,1.9705882352941178,-616984.9375
-0.5294117647058824,1.9705882352941178,-469884.90625
-0.47058823529411764,1.9705882352941178,-356124.71875
-0.4117647058823529,1.9705882352941178,-270485.875
-0.3529411764705882,1.9705882352941178,-209141.40625
-0.2941176470588236,1.9705882352941178,-166877.203125
-0.23529411764705888,1.9705882352941178,-138819.15625
-0.17647058823529416,1.9705882352941178,-121694.40625
-0.11764705882352944,1.9705882352941178,-111090.5546875
-0.05882352941176472,1.9705882352941178,-104820.8671875
0.0,1.9705882352941178,-101217.09375
0.05882352941176472,1.9705882352941178,-99187.5234375
0.11764705882352944,1.9705882352941178,-97989.2109375
0.17647058823529416,1.9705882352941178,-97434.25
0.23529411764705888,1.9705882352941178,-97699.015625
0.2941176470588236,1.9705882352941178,-98763.078125
0.3529411764705883,1.9705882352941178,-100574.0078125
0.4117647058823528,1.9705882352941178,-102787.5078125
0.47058823529411753,1.9705882352941178,-104916.1015625
0.5294117647058822,1.9705882352941178,-106776.1015625
0.588235294117647,1.9705882352941178,-108302.9296875
0.6470588235294117,1.9705882352941178,-109405.125
0.7058823529411764,1.9705882352941178,-110228.5546875
0.7647058823529411,1.9705882352941178,-111050.1171875
0.8235294117647058,1.9705882352941178,-111858.515625
0.8823529411764706,1.9705882352941178,-112467.8046875
0.9411764705882353,1.9705882352941178,-113364.921875
1.0,1.9705882352941178,-114200.8125
-1.0,2.0,-2299109.25
-0.9411764705882353,2.0,-2044048.375
-0.8823529411764706,2.0,-1780928.75
-0.8235294117647058,2.0,-1515751.125
-0.7647058823529411,2.0,-1262310.875
-0.7058823529411764,2.0,-1025761.125
-0.6470588235294118,2.0,-814950.375
-0.5882352941176471,2.0,-634143.875
-0.5294117647058824,2.0,-486735.71875
-0.47058823529411764,2.0,-370639.78125
-0.4117647058823529,2.0,-283887.15625
-0.3529411764705882,2.0,-221397.15625
-0.2941176470588236,2.0,-178032.765625
-0.23529411764705888,2.0,-148450.453125
-0.17647058823529416,2.0,-129728.03125
-0.11764705882352944,2.0,-117605.2109375
-0.05882352941176472,2.0,-109561.96875
0.0,2.0,-104439.3203125
0.05882352941176472,2.0,-101410.9609375
0.11764705882352944,2.0,-99992.953125
0.17647058823529416,2.0,-99862.84375
0.23529411764705888,2.0,-100527.8046875
0.2941176470588236,2.0,-101958.09375
0.3529411764705883,2.0,-103899.9609375
0.4117647058823528,2.0,-106246.2734375
0.47058823529411753,2.0,-108358.0234375
0.5294117647058822,2.0,-110070.09375
0.588235294117647,2.0,-111129.8203125
0.6470588235294117,2.0,-111593.3828125
0.7058823529411764,2.0,-111817.6484375
0.7647058823529411,2.0,-111920.9921875
0.8235294117647058,2.0,-111619.1015625
0.8823529411764706,2.0,-111319.03125
0.9411764705882353,2.0,-111235.3359375
1.0,2.0,-111681.640625
